Date,Open,High,Low,Close,Vol,BidAsk
2022-09-19 00:00:00,3882.25,3883.0,3882.0,3882.75,62,27
2022-09-19 00:01:00,3882.75,3883.25,3882.5,3883.25,105,37
2022-09-19 00:02:00,3883.25,3883.25,3882.5,3883.0,71,-14
2022-09-19 00:03:00,3883.0,3883.25,3882.5,3882.75,56,9
2022-09-19 00:04:00,3883.0,3883.75,3882.75,3883.0,98,5
2022-09-19 00:05:00,3883.25,3883.25,3882.5,3882.5,69,1
2022-09-19 00:06:00,3882.75,3883.0,3882.5,3882.75,58,23
2022-09-19 00:07:00,3882.75,3882.75,3881.75,3881.75,44,-16
2022-09-19 00:08:00,3882.0,3882.0,3881.25,3881.25,60,-30
2022-09-19 00:09:00,3881.5,3881.5,3881.0,3881.0,44,-7
2022-09-19 00:10:00,3881.0,3881.25,3880.75,3880.75,45,-6
2022-09-19 00:11:00,3880.75,3881.0,3880.0,3880.5,140,-37
2022-09-19 00:12:00,3880.25,3880.25,3879.5,3879.5,44,-12
2022-09-19 00:13:00,3879.75,3879.75,3879.0,3879.25,74,9
2022-09-19 00:14:00,3879.75,3880.25,3879.25,3879.5,96,-31
2022-09-19 00:15:00,3879.75,3880.75,3879.75,3880.5,38,17
2022-09-19 00:16:00,3880.5,3881.25,3880.5,3881.0,76,24
2022-09-19 00:17:00,3881.0,3881.75,3881.0,3881.75,53,26
2022-09-19 00:18:00,3881.75,3881.75,3881.25,3881.5,38,-21
2022-09-19 00:19:00,3881.75,3881.75,3881.5,3881.5,23,3
2022-09-19 00:20:00,3881.25,3882.0,3881.25,3882.0,38,-5
2022-09-19 00:21:00,3882.0,3882.5,3882.0,3882.25,66,14
2022-09-19 00:22:00,3882.5,3883.0,3882.5,3882.5,33,1
2022-09-19 00:23:00,3882.5,3883.0,3882.25,3882.75,39,14
2022-09-19 00:24:00,3882.75,3882.75,3882.5,3882.5,15,-4
2022-09-19 00:25:00,3882.5,3882.75,3881.5,3881.75,61,-33
2022-09-19 00:26:00,3881.75,3881.75,3881.5,3881.5,28,2
2022-09-19 00:27:00,3881.5,3882.25,3881.25,3882.0,64,-4
2022-09-19 00:28:00,3882.0,3882.25,3881.75,3882.0,29,-3
2022-09-19 00:29:00,3882.0,3882.0,3881.25,3881.75,23,-2
2022-09-19 00:30:00,3881.75,3881.75,3881.75,3881.75,8,-2
2022-09-19 00:31:00,3882.25,3883.0,3882.25,3882.75,34,17
2022-09-19 00:32:00,3882.75,3883.0,3882.25,3882.25,35,-22
2022-09-19 00:33:00,3882.0,3882.25,3882.0,3882.25,11,-5
2022-09-19 00:34:00,3882.5,3882.75,3882.5,3882.5,9,3
2022-09-19 00:35:00,3882.75,3883.5,3882.75,3883.5,85,55
2022-09-19 00:36:00,3883.5,3883.5,3882.5,3882.75,59,-29
2022-09-19 00:37:00,3882.75,3882.75,3882.25,3882.5,18,-6
2022-09-19 00:38:00,3882.5,3882.75,3882.5,3882.5,14,0
2022-09-19 00:39:00,3882.25,3882.5,3882.25,3882.5,13,-10
2022-09-19 00:40:00,3882.5,3882.5,3882.0,3882.0,15,-9
2022-09-19 00:41:00,3882.25,3882.25,3882.0,3882.0,14,9
2022-09-19 00:42:00,3882.0,3882.25,3881.75,3882.25,24,0
2022-09-19 00:43:00,3882.0,3882.25,3882.0,3882.0,18,-14
2022-09-19 00:44:00,3882.25,3882.75,3882.25,3882.5,32,10
2022-09-19 00:45:00,3882.25,3882.25,3882.0,3882.25,16,-10
2022-09-19 00:46:00,3882.25,3882.25,3881.25,3881.75,171,-43
2022-09-19 00:47:00,3881.75,3883.0,3881.75,3882.75,84,15
2022-09-19 00:48:00,3882.75,3882.75,3882.25,3882.25,79,-9
2022-09-19 00:49:00,3882.0,3883.0,3882.0,3882.25,85,16
2022-09-19 00:50:00,3882.25,3883.0,3882.25,3882.75,166,34
2022-09-19 00:51:00,3882.5,3882.75,3882.25,3882.5,132,-13
2022-09-19 00:52:00,3882.5,3882.5,3881.5,3881.5,162,-34
2022-09-19 00:53:00,3881.5,3882.25,3881.5,3882.0,46,33
2022-09-19 00:54:00,3882.0,3882.5,3882.0,3882.25,43,-1
2022-09-19 00:55:00,3882.25,3883.0,3882.0,3883.0,42,18
2022-09-19 00:56:00,3882.75,3883.0,3882.75,3882.75,55,-9
2022-09-19 00:57:00,3882.75,3883.25,3882.5,3883.25,48,26
2022-09-19 00:58:00,3883.0,3883.25,3882.75,3882.75,31,-10
2022-09-19 00:59:00,3882.75,3882.75,3882.5,3882.75,32,-16
2022-09-19 01:00:00,3882.75,3882.75,3882.0,3882.0,100,-19
2022-09-19 01:01:00,3882.0,3882.5,3881.5,3881.75,165,-31
2022-09-19 01:02:00,3881.5,3881.75,3881.5,3881.5,49,-12
2022-09-19 01:03:00,3881.25,3882.0,3881.0,3881.75,131,-1
2022-09-19 01:04:00,3882.0,3882.0,3881.5,3881.5,101,-25
2022-09-19 01:05:00,3881.75,3881.75,3881.5,3881.75,35,-4
2022-09-19 01:06:00,3881.75,3882.25,3881.5,3882.0,30,3
2022-09-19 01:07:00,3881.75,3882.0,3881.5,3881.75,19,-5
2022-09-19 01:08:00,3882.0,3883.25,3882.0,3882.75,163,65
2022-09-19 01:09:00,3882.5,3882.5,3882.0,3882.5,49,-25
2022-09-19 01:10:00,3882.25,3883.25,3882.25,3883.25,98,54
2022-09-19 01:11:00,3883.0,3883.75,3882.5,3882.5,107,-29
2022-09-19 01:12:00,3882.25,3882.5,3881.0,3881.25,163,-34
2022-09-19 01:13:00,3881.0,3883.25,3880.75,3883.0,138,-1
2022-09-19 01:14:00,3882.75,3883.0,3882.75,3883.0,45,-10
2022-09-19 01:15:00,3883.25,3883.5,3883.0,3883.25,41,-5
2022-09-19 01:16:00,3883.0,3883.25,3883.0,3883.0,28,-2
2022-09-19 01:17:00,3883.0,3883.25,3882.75,3883.0,36,-12
2022-09-19 01:18:00,3883.25,3885.0,3883.25,3884.25,430,191
2022-09-19 01:19:00,3884.25,3884.25,3883.75,3884.25,70,7
2022-09-19 01:20:00,3884.0,3885.0,3883.75,3884.75,206,39
2022-09-19 01:21:00,3884.75,3885.0,3884.5,3884.5,76,-12
2022-09-19 01:22:00,3884.25,3884.25,3883.75,3883.75,54,-6
2022-09-19 01:23:00,3883.5,3884.0,3883.25,3883.75,75,0
2022-09-19 01:24:00,3883.5,3884.5,3883.5,3884.5,89,2
2022-09-19 01:25:00,3884.5,3884.5,3882.75,3882.75,97,-36
2022-09-19 01:26:00,3883.0,3883.25,3882.75,3882.75,60,2
2022-09-19 01:27:00,3883.0,3883.0,3882.5,3883.0,50,6
2022-09-19 01:28:00,3882.75,3882.75,3882.5,3882.5,44,-13
2022-09-19 01:29:00,3882.5,3882.5,3882.0,3882.25,73,-10
2022-09-19 01:30:00,3882.25,3882.25,3881.25,3881.75,110,-48
2022-09-19 01:31:00,3882.0,3883.0,3882.0,3882.75,52,5
2022-09-19 01:32:00,3882.75,3882.75,3882.0,3882.0,57,-29
2022-09-19 01:33:00,3882.0,3882.5,3882.0,3882.5,23,8
2022-09-19 01:34:00,3882.5,3882.5,3882.25,3882.25,14,-6
2022-09-19 01:35:00,3882.25,3882.25,3881.75,3882.25,34,-10
2022-09-19 01:36:00,3882.25,3882.5,3882.25,3882.5,11,-1
2022-09-19 01:37:00,3882.25,3882.25,3880.25,3880.75,285,-81
2022-09-19 01:38:00,3880.5,3881.0,3880.25,3880.5,75,-9
2022-09-19 01:39:00,3880.5,3880.75,3880.5,3880.75,24,5
2022-09-19 01:40:00,3881.0,3881.75,3881.0,3881.25,47,22
2022-09-19 01:41:00,3881.25,3881.25,3880.25,3880.5,105,-44
2022-09-19 01:42:00,3880.25,3880.75,3879.5,3880.75,140,-54
2022-09-19 01:43:00,3880.75,3881.5,3880.5,3881.25,77,21
2022-09-19 01:44:00,3881.5,3882.0,3881.0,3881.0,81,-17
2022-09-19 01:45:00,3881.0,3881.25,3881.0,3881.25,20,6
2022-09-19 01:46:00,3881.5,3882.0,3881.25,3881.75,45,0
2022-09-19 01:47:00,3882.0,3882.0,3880.5,3880.75,75,-37
2022-09-19 01:48:00,3880.5,3880.75,3880.0,3880.0,70,-19
2022-09-19 01:49:00,3880.0,3881.0,3880.0,3881.0,54,18
2022-09-19 01:50:00,3881.0,3881.25,3879.75,3880.25,183,70
2022-09-19 01:51:00,3880.25,3880.25,3880.0,3880.0,54,-23
2022-09-19 01:52:00,3880.0,3880.25,3879.5,3879.75,241,-121
2022-09-19 01:53:00,3879.75,3880.25,3879.0,3879.0,319,-111
2022-09-19 01:54:00,3879.0,3879.25,3878.75,3879.0,128,-18
2022-09-19 01:55:00,3879.0,3879.25,3878.5,3879.0,98,-26
2022-09-19 01:56:00,3879.0,3879.75,3877.0,3877.25,354,-114
2022-09-19 01:57:00,3877.25,3877.25,3875.5,3877.0,463,-163
2022-09-19 01:58:00,3877.0,3877.25,3875.75,3875.75,170,-19
2022-09-19 01:59:00,3875.75,3876.5,3875.0,3875.25,150,-35
2022-09-19 02:00:00,3875.25,3875.25,3872.5,3873.5,941,-225
2022-09-19 02:01:00,3873.5,3873.75,3872.5,3873.0,498,-88
2022-09-19 02:02:00,3873.25,3873.5,3870.75,3871.25,716,-78
2022-09-19 02:03:00,3871.5,3874.0,3871.25,3873.0,489,-163
2022-09-19 02:04:00,3872.75,3873.0,3871.0,3872.0,233,-84
2022-09-19 02:05:00,3872.0,3872.5,3871.5,3872.0,198,-33
2022-09-19 02:06:00,3871.75,3871.75,3870.25,3871.0,332,27
2022-09-19 02:07:00,3871.0,3871.0,3869.0,3869.75,785,-285
2022-09-19 02:08:00,3870.0,3870.75,3869.0,3869.75,272,20
2022-09-19 02:09:00,3869.75,3870.75,3868.5,3870.25,272,11
2022-09-19 02:10:00,3870.25,3870.75,3868.5,3869.5,371,44
2022-09-19 02:11:00,3869.5,3870.5,3869.25,3869.25,218,47
2022-09-19 02:12:00,3869.25,3870.5,3868.25,3868.25,392,-68
2022-09-19 02:13:00,3868.5,3868.75,3865.75,3866.75,1172,-500
2022-09-19 02:14:00,3866.75,3867.75,3865.25,3866.25,509,-103
2022-09-19 02:15:00,3866.5,3869.75,3866.25,3869.5,474,137
2022-09-19 02:16:00,3869.5,3871.25,3869.5,3870.5,666,276
2022-09-19 02:17:00,3870.75,3871.0,3869.5,3869.5,313,-67
2022-09-19 02:18:00,3869.75,3871.0,3869.75,3870.75,224,79
2022-09-19 02:19:00,3870.75,3872.25,3870.5,3872.0,334,175
2022-09-19 02:20:00,3872.0,3872.25,3870.75,3871.75,270,-40
2022-09-19 02:21:00,3871.5,3873.25,3871.25,3872.25,240,34
2022-09-19 02:22:00,3872.25,3872.5,3871.5,3872.25,115,-10
2022-09-19 02:23:00,3872.5,3873.25,3872.5,3873.25,202,42
2022-09-19 02:24:00,3873.0,3873.5,3872.75,3873.25,229,65
2022-09-19 02:25:00,3873.25,3874.5,3873.25,3874.25,176,3
2022-09-19 02:26:00,3874.25,3874.75,3874.0,3874.75,187,39
2022-09-19 02:27:00,3875.0,3875.25,3874.0,3874.75,205,-4
2022-09-19 02:28:00,3874.75,3874.75,3873.25,3873.5,198,-84
2022-09-19 02:29:00,3873.25,3874.0,3873.0,3873.25,167,3
2022-09-19 02:30:00,3873.25,3873.75,3873.0,3873.0,147,14
2022-09-19 02:31:00,3873.0,3873.25,3871.5,3871.75,455,-90
2022-09-19 02:32:00,3871.75,3872.5,3871.75,3872.5,149,53
2022-09-19 02:33:00,3872.75,3874.0,3872.75,3873.75,190,49
2022-09-19 02:34:00,3873.75,3875.75,3873.25,3875.5,162,29
2022-09-19 02:35:00,3875.25,3875.75,3874.5,3874.5,184,-25
2022-09-19 02:36:00,3874.25,3875.0,3873.75,3874.5,170,-8
2022-09-19 02:37:00,3874.5,3875.0,3873.5,3873.75,128,25
2022-09-19 02:38:00,3873.5,3873.5,3873.0,3873.25,138,-12
2022-09-19 02:39:00,3873.5,3874.75,3873.5,3874.0,98,15
2022-09-19 02:40:00,3874.0,3874.0,3873.0,3873.0,85,-9
2022-09-19 02:41:00,3872.75,3873.0,3872.0,3872.5,187,-37
2022-09-19 02:42:00,3872.75,3872.75,3872.25,3872.75,56,-25
2022-09-19 02:43:00,3872.75,3873.75,3872.5,3872.75,132,26
2022-09-19 02:44:00,3873.0,3873.0,3871.0,3871.5,151,-70
2022-09-19 02:45:00,3871.5,3872.25,3870.5,3872.25,302,-46
2022-09-19 02:46:00,3872.25,3872.5,3871.25,3871.25,136,-13
2022-09-19 02:47:00,3871.0,3872.25,3871.0,3872.25,127,26
2022-09-19 02:48:00,3872.25,3872.5,3871.0,3871.25,108,-3
2022-09-19 02:49:00,3871.5,3873.0,3871.25,3873.0,79,30
2022-09-19 02:50:00,3873.0,3873.25,3872.5,3872.75,53,-9
2022-09-19 02:51:00,3873.0,3874.5,3873.0,3874.0,155,29
2022-09-19 02:52:00,3873.75,3874.0,3873.5,3873.5,77,-24
2022-09-19 02:53:00,3873.5,3874.0,3872.5,3873.0,129,-103
2022-09-19 02:54:00,3873.0,3873.5,3873.0,3873.5,154,5
2022-09-19 02:55:00,3873.75,3874.25,3873.25,3873.5,89,-1
2022-09-19 02:56:00,3873.5,3874.25,3873.0,3873.25,132,-26
2022-09-19 02:57:00,3873.25,3873.75,3873.25,3873.25,59,7
2022-09-19 02:58:00,3873.25,3873.5,3872.0,3872.25,253,-17
2022-09-19 02:59:00,3872.0,3874.5,3872.0,3874.5,186,56
2022-09-19 03:00:00,3874.25,3874.25,3871.0,3873.5,717,-26
2022-09-19 03:01:00,3873.5,3873.75,3871.0,3871.25,359,4
2022-09-19 03:02:00,3871.25,3871.25,3868.5,3868.5,671,-74
2022-09-19 03:03:00,3868.75,3869.0,3867.0,3867.25,588,-108
2022-09-19 03:04:00,3867.0,3867.75,3866.25,3866.5,347,-55
2022-09-19 03:05:00,3866.5,3867.0,3862.5,3863.25,947,-313
2022-09-19 03:06:00,3863.0,3863.5,3861.75,3862.0,596,-95
2022-09-19 03:07:00,3861.75,3863.75,3860.75,3863.5,896,110
2022-09-19 03:08:00,3863.5,3864.5,3863.0,3863.5,429,44
2022-09-19 03:09:00,3863.75,3865.0,3863.25,3864.5,250,59
2022-09-19 03:10:00,3864.75,3867.25,3864.75,3866.25,478,77
2022-09-19 03:11:00,3866.25,3867.25,3865.25,3866.75,220,28
2022-09-19 03:12:00,3866.5,3866.75,3865.5,3865.75,314,49
2022-09-19 03:13:00,3865.5,3865.5,3864.5,3864.75,260,-28
2022-09-19 03:14:00,3864.75,3865.75,3864.5,3865.75,395,-33
2022-09-19 03:15:00,3865.5,3865.75,3863.75,3864.25,840,-344
2022-09-19 03:16:00,3864.5,3866.75,3864.0,3866.5,349,20
2022-09-19 03:17:00,3866.25,3869.0,3866.0,3867.5,833,-198
2022-09-19 03:18:00,3867.25,3868.0,3866.5,3867.25,483,199
2022-09-19 03:19:00,3867.25,3868.5,3867.0,3867.75,208,-63
2022-09-19 03:20:00,3868.0,3868.25,3866.75,3867.5,231,38
2022-09-19 03:21:00,3867.0,3867.0,3865.5,3866.25,368,-67
2022-09-19 03:22:00,3866.25,3867.75,3864.75,3864.75,420,-213
2022-09-19 03:23:00,3865.0,3865.75,3864.5,3865.0,271,-10
2022-09-19 03:24:00,3865.0,3865.0,3863.5,3864.5,258,-35
2022-09-19 03:25:00,3864.25,3864.25,3861.5,3862.0,477,-115
2022-09-19 03:26:00,3862.0,3862.25,3861.0,3861.0,373,-58
2022-09-19 03:27:00,3861.25,3862.75,3861.25,3861.75,332,70
2022-09-19 03:28:00,3862.0,3863.25,3861.0,3863.25,340,-8
2022-09-19 03:29:00,3863.5,3863.75,3862.75,3863.25,239,-6
2022-09-19 03:30:00,3863.5,3864.0,3861.5,3861.5,385,-21
2022-09-19 03:31:00,3861.5,3862.5,3860.75,3861.75,549,-55
2022-09-19 03:32:00,3861.75,3864.0,3861.25,3862.75,442,279
2022-09-19 03:33:00,3862.75,3864.25,3862.75,3863.0,484,129
2022-09-19 03:34:00,3863.25,3863.25,3862.0,3862.75,114,-30
2022-09-19 03:35:00,3862.5,3864.0,3862.0,3863.75,198,-6
2022-09-19 03:36:00,3863.75,3865.0,3863.25,3864.75,267,16
2022-09-19 03:37:00,3864.75,3865.5,3863.75,3864.25,222,-23
2022-09-19 03:38:00,3864.25,3865.0,3863.75,3864.0,167,-8
2022-09-19 03:39:00,3864.0,3864.5,3863.25,3864.5,226,-28
2022-09-19 03:40:00,3864.75,3865.75,3864.25,3865.5,215,-28
2022-09-19 03:41:00,3865.5,3866.5,3865.0,3866.25,175,13
2022-09-19 03:42:00,3866.25,3867.75,3866.25,3867.0,278,-5
2022-09-19 03:43:00,3866.75,3867.25,3866.25,3866.5,151,14
2022-09-19 03:44:00,3866.25,3866.75,3865.5,3865.75,207,18
2022-09-19 03:45:00,3865.5,3867.75,3865.5,3867.75,193,32
2022-09-19 03:46:00,3867.75,3867.75,3866.0,3867.5,190,-37
2022-09-19 03:47:00,3867.25,3867.25,3865.75,3866.75,248,13
2022-09-19 03:48:00,3866.75,3867.25,3866.25,3866.25,263,-38
2022-09-19 03:49:00,3866.0,3866.5,3865.5,3866.25,301,0
2022-09-19 03:50:00,3866.5,3866.5,3865.0,3865.5,439,2
2022-09-19 03:51:00,3865.25,3865.25,3864.0,3865.0,423,-59
2022-09-19 03:52:00,3864.75,3868.5,3863.25,3868.0,945,92
2022-09-19 03:53:00,3868.0,3868.25,3866.75,3866.75,387,-31
2022-09-19 03:54:00,3866.5,3866.5,3865.0,3865.0,523,-58
2022-09-19 03:55:00,3865.0,3865.5,3864.5,3864.75,278,-25
2022-09-19 03:56:00,3865.0,3865.25,3862.5,3862.5,499,-90
2022-09-19 03:57:00,3862.5,3862.75,3861.75,3861.75,320,0
2022-09-19 03:58:00,3861.75,3862.0,3860.75,3861.25,471,-39
2022-09-19 03:59:00,3861.25,3862.0,3860.75,3861.25,290,-23
2022-09-19 04:00:00,3861.5,3861.75,3859.25,3861.0,1104,-105
2022-09-19 04:01:00,3861.25,3861.75,3858.25,3859.25,769,-152
2022-09-19 04:02:00,3859.0,3861.25,3859.0,3861.0,546,0
2022-09-19 04:03:00,3861.0,3862.75,3860.75,3862.5,421,39
2022-09-19 04:04:00,3862.25,3863.5,3862.0,3863.25,444,54
2022-09-19 04:05:00,3863.25,3864.0,3862.5,3863.5,302,-21
2022-09-19 04:06:00,3863.5,3866.25,3863.0,3865.75,806,207
2022-09-19 04:07:00,3865.75,3865.75,3864.75,3865.5,309,21
2022-09-19 04:08:00,3865.75,3867.5,3865.0,3867.25,280,54
2022-09-19 04:09:00,3867.0,3867.5,3866.0,3866.0,352,-10
2022-09-19 04:10:00,3866.0,3867.5,3865.75,3867.5,306,32
2022-09-19 04:11:00,3867.5,3868.25,3866.75,3867.0,408,47
2022-09-19 04:12:00,3867.25,3867.25,3866.0,3867.0,497,-85
2022-09-19 04:13:00,3866.75,3868.25,3866.5,3867.75,380,147
2022-09-19 04:14:00,3867.5,3868.25,3867.0,3867.5,146,19
2022-09-19 04:15:00,3867.75,3868.5,3867.0,3867.5,229,7
2022-09-19 04:16:00,3867.5,3868.0,3867.25,3867.5,93,-25
2022-09-19 04:17:00,3867.5,3868.0,3866.25,3866.5,197,-8
2022-09-19 04:18:00,3866.5,3867.5,3866.0,3866.5,232,9
2022-09-19 04:19:00,3866.5,3867.0,3866.0,3866.25,219,-20
2022-09-19 04:20:00,3866.0,3866.5,3865.25,3866.0,422,-22
2022-09-19 04:21:00,3866.0,3866.25,3865.5,3865.75,101,-20
2022-09-19 04:22:00,3866.0,3866.5,3866.0,3866.5,135,17
2022-09-19 04:23:00,3866.75,3866.75,3865.5,3865.5,94,-16
2022-09-19 04:24:00,3866.0,3866.25,3865.25,3866.0,240,-87
2022-09-19 04:25:00,3866.0,3868.0,3866.0,3867.75,235,84
2022-09-19 04:26:00,3868.0,3869.0,3867.5,3869.0,441,128
2022-09-19 04:27:00,3869.0,3869.5,3866.75,3867.25,343,-43
2022-09-19 04:28:00,3867.25,3869.25,3867.25,3868.5,221,-4
2022-09-19 04:29:00,3868.75,3869.25,3867.5,3867.5,182,29
2022-09-19 04:30:00,3867.5,3868.0,3866.5,3866.5,202,-68
2022-09-19 04:31:00,3866.5,3866.75,3866.0,3866.75,203,2
2022-09-19 04:32:00,3867.0,3867.0,3865.75,3866.5,285,15
2022-09-19 04:33:00,3866.75,3868.0,3866.75,3868.0,214,62
2022-09-19 04:34:00,3868.0,3868.25,3866.5,3866.5,209,-30
2022-09-19 04:35:00,3866.5,3867.0,3865.5,3866.75,199,-2
2022-09-19 04:36:00,3866.75,3866.75,3865.5,3865.75,96,-12
2022-09-19 04:37:00,3865.5,3866.5,3865.0,3866.5,181,9
2022-09-19 04:38:00,3866.25,3866.25,3865.75,3865.75,102,-10
2022-09-19 04:39:00,3865.5,3865.5,3864.0,3864.0,274,-80
2022-09-19 04:40:00,3864.0,3864.25,3863.5,3863.75,364,31
2022-09-19 04:41:00,3863.75,3863.75,3862.75,3863.5,362,-102
2022-09-19 04:42:00,3863.75,3864.0,3863.25,3863.75,180,58
2022-09-19 04:43:00,3863.75,3863.75,3862.75,3863.25,137,-30
2022-09-19 04:44:00,3863.25,3863.5,3863.0,3863.5,104,-7
2022-09-19 04:45:00,3863.5,3863.5,3861.5,3862.25,370,-91
2022-09-19 04:46:00,3862.0,3862.5,3861.25,3861.5,150,-30
2022-09-19 04:47:00,3861.5,3861.5,3860.25,3860.5,300,-8
2022-09-19 04:48:00,3860.5,3861.25,3860.0,3860.5,220,-5
2022-09-19 04:49:00,3860.5,3862.75,3860.5,3862.0,256,52
2022-09-19 04:50:00,3861.75,3863.25,3861.5,3863.0,240,62
2022-09-19 04:51:00,3862.5,3863.25,3862.25,3863.25,138,-10
2022-09-19 04:52:00,3863.0,3863.0,3861.75,3861.75,149,-58
2022-09-19 04:53:00,3861.75,3862.25,3861.0,3861.25,146,-26
2022-09-19 04:54:00,3861.0,3861.0,3860.25,3860.5,236,-62
2022-09-19 04:55:00,3860.75,3860.75,3856.25,3856.75,1098,-469
2022-09-19 04:56:00,3856.75,3858.0,3855.25,3857.75,1180,82
2022-09-19 04:57:00,3858.0,3858.5,3856.5,3858.25,759,-152
2022-09-19 04:58:00,3858.5,3858.75,3857.5,3857.75,181,-49
2022-09-19 04:59:00,3857.75,3858.0,3856.25,3856.5,179,-45
2022-09-19 05:00:00,3856.5,3858.25,3856.5,3857.75,330,1
2022-09-19 05:01:00,3857.5,3857.75,3856.25,3857.75,288,-28
2022-09-19 05:02:00,3857.5,3857.5,3856.5,3856.75,122,-18
2022-09-19 05:03:00,3856.75,3859.0,3856.5,3858.25,412,87
2022-09-19 05:04:00,3858.25,3859.75,3858.0,3859.75,427,147
2022-09-19 05:05:00,3859.5,3859.5,3857.75,3859.0,228,-21
2022-09-19 05:06:00,3859.0,3860.5,3859.0,3860.25,234,46
2022-09-19 05:07:00,3860.25,3861.5,3860.0,3861.0,328,96
2022-09-19 05:08:00,3861.0,3861.5,3859.75,3860.0,195,7
2022-09-19 05:09:00,3860.0,3860.0,3859.0,3860.0,127,-2
2022-09-19 05:10:00,3860.0,3860.25,3859.25,3859.75,101,-4
2022-09-19 05:11:00,3859.75,3859.75,3859.0,3859.25,78,-15
2022-09-19 05:12:00,3859.25,3859.75,3858.0,3858.25,254,-55
2022-09-19 05:13:00,3858.25,3859.5,3858.25,3858.25,239,-44
2022-09-19 05:14:00,3858.5,3858.75,3858.0,3858.5,174,-82
2022-09-19 05:15:00,3858.25,3859.25,3858.25,3858.75,130,-15
2022-09-19 05:16:00,3858.75,3858.75,3857.5,3857.75,158,-10
2022-09-19 05:17:00,3857.75,3857.75,3855.75,3856.25,299,-92
2022-09-19 05:18:00,3856.0,3856.25,3855.0,3855.5,529,-94
2022-09-19 05:19:00,3855.5,3855.5,3852.5,3853.5,733,-168
2022-09-19 05:20:00,3853.5,3855.5,3853.0,3855.0,538,112
2022-09-19 05:21:00,3855.0,3855.5,3853.75,3855.25,323,34
2022-09-19 05:22:00,3855.0,3855.5,3853.75,3853.75,374,71
2022-09-19 05:23:00,3853.75,3855.25,3853.5,3855.0,298,137
2022-09-19 05:24:00,3855.0,3855.5,3854.5,3855.25,187,29
2022-09-19 05:25:00,3855.25,3856.0,3855.25,3855.5,230,29
2022-09-19 05:26:00,3855.25,3857.0,3855.25,3856.75,289,79
2022-09-19 05:27:00,3856.75,3856.75,3855.0,3855.0,245,-16
2022-09-19 05:28:00,3855.0,3855.5,3854.5,3855.5,161,-13
2022-09-19 05:29:00,3855.5,3855.75,3854.75,3855.25,117,-31
2022-09-19 05:30:00,3855.25,3855.25,3853.5,3854.25,368,-78
2022-09-19 05:31:00,3854.25,3854.25,3853.25,3853.25,250,-123
2022-09-19 05:32:00,3853.25,3853.25,3851.0,3851.5,779,-170
2022-09-19 05:33:00,3851.75,3853.0,3851.25,3853.0,355,92
2022-09-19 05:34:00,3853.0,3853.25,3851.0,3852.25,234,-42
2022-09-19 05:35:00,3852.0,3853.75,3852.0,3853.75,192,74
2022-09-19 05:36:00,3853.5,3854.0,3852.75,3854.0,177,-27
2022-09-19 05:37:00,3853.75,3853.75,3852.75,3853.0,201,-16
2022-09-19 05:38:00,3852.75,3853.5,3852.5,3853.0,145,-6
2022-09-19 05:39:00,3853.25,3853.75,3852.75,3853.5,173,-21
2022-09-19 05:40:00,3853.75,3855.25,3853.5,3853.75,360,100
2022-09-19 05:41:00,3853.75,3854.25,3853.5,3853.75,138,4
2022-09-19 05:42:00,3853.5,3854.0,3852.5,3852.75,299,-59
2022-09-19 05:43:00,3853.0,3853.0,3852.25,3853.0,189,-80
2022-09-19 05:44:00,3852.75,3853.0,3850.25,3851.5,428,-154
2022-09-19 05:45:00,3851.5,3852.5,3851.25,3852.25,295,58
2022-09-19 05:46:00,3852.5,3853.0,3852.25,3852.25,162,31
2022-09-19 05:47:00,3852.25,3852.75,3852.0,3852.25,92,-9
2022-09-19 05:48:00,3852.0,3852.5,3851.75,3852.5,136,-8
2022-09-19 05:49:00,3852.5,3852.5,3851.5,3852.0,158,-15
2022-09-19 05:50:00,3852.25,3853.0,3852.25,3852.75,179,47
2022-09-19 05:51:00,3853.0,3853.25,3852.25,3853.0,214,21
2022-09-19 05:52:00,3853.25,3855.25,3853.0,3853.75,1071,19
2022-09-19 05:53:00,3853.75,3854.25,3853.5,3854.0,170,-19
2022-09-19 05:54:00,3854.0,3854.0,3852.5,3853.75,180,-34
2022-09-19 05:55:00,3854.0,3854.25,3853.25,3853.25,148,-15
2022-09-19 05:56:00,3853.25,3854.25,3853.0,3854.0,105,-5
2022-09-19 05:57:00,3853.75,3854.75,3853.75,3854.5,175,33
2022-09-19 05:58:00,3854.75,3856.0,3854.5,3854.75,527,78
2022-09-19 05:59:00,3855.0,3855.25,3854.0,3854.25,227,-43
2022-09-19 06:00:00,3854.25,3855.0,3853.25,3854.75,230,61
2022-09-19 06:01:00,3854.5,3854.5,3853.25,3854.0,131,7
2022-09-19 06:02:00,3854.0,3854.5,3853.0,3853.5,243,-47
2022-09-19 06:03:00,3853.25,3853.75,3852.25,3852.5,341,-125
2022-09-19 06:04:00,3852.5,3852.5,3850.5,3850.75,641,-204
2022-09-19 06:05:00,3850.75,3851.25,3847.25,3847.75,1854,-561
2022-09-19 06:06:00,3848.0,3849.5,3846.75,3849.25,715,-5
2022-09-19 06:07:00,3849.5,3849.75,3848.0,3848.25,351,3
2022-09-19 06:08:00,3848.25,3848.75,3847.75,3848.5,430,31
2022-09-19 06:09:00,3848.5,3849.75,3848.5,3848.5,356,67
2022-09-19 06:10:00,3848.5,3850.0,3848.0,3849.0,246,34
2022-09-19 06:11:00,3849.25,3850.0,3849.0,3849.75,145,48
2022-09-19 06:12:00,3849.75,3850.0,3849.0,3849.25,241,26
2022-09-19 06:13:00,3849.0,3849.5,3847.75,3848.25,309,-30
2022-09-19 06:14:00,3848.5,3848.5,3847.5,3847.75,158,-13
2022-09-19 06:15:00,3847.75,3848.0,3846.25,3846.5,457,-136
2022-09-19 06:16:00,3846.75,3847.5,3846.25,3847.0,453,33
2022-09-19 06:17:00,3847.0,3847.75,3846.75,3847.75,196,35
2022-09-19 06:18:00,3847.5,3848.25,3847.0,3847.0,266,-60
2022-09-19 06:19:00,3847.0,3848.75,3847.0,3848.75,556,106
2022-09-19 06:20:00,3848.5,3849.5,3848.5,3848.75,470,109
2022-09-19 06:21:00,3849.0,3850.5,3849.0,3850.5,206,118
2022-09-19 06:22:00,3850.25,3851.0,3850.0,3850.5,209,-10
2022-09-19 06:23:00,3850.75,3851.0,3850.25,3850.5,357,-6
2022-09-19 06:24:00,3850.5,3852.5,3850.25,3851.75,436,-17
2022-09-19 06:25:00,3851.75,3853.0,3851.75,3852.75,330,11
2022-09-19 06:26:00,3852.75,3853.0,3852.25,3852.5,124,-41
2022-09-19 06:27:00,3852.5,3852.75,3851.75,3852.25,240,-47
2022-09-19 06:28:00,3852.25,3853.0,3852.0,3853.0,136,18
2022-09-19 06:29:00,3852.75,3853.0,3852.25,3852.5,138,15
2022-09-19 06:30:00,3852.75,3854.0,3852.0,3852.75,609,5
2022-09-19 06:31:00,3852.75,3852.75,3851.5,3852.25,245,57
2022-09-19 06:32:00,3852.5,3854.25,3852.5,3853.75,252,85
2022-09-19 06:33:00,3853.75,3854.75,3853.75,3854.25,483,43
2022-09-19 06:34:00,3854.25,3854.75,3853.25,3854.0,299,-3
2022-09-19 06:35:00,3854.0,3855.25,3854.0,3854.5,407,121
2022-09-19 06:36:00,3854.75,3855.0,3854.5,3854.75,131,21
2022-09-19 06:37:00,3855.0,3855.5,3854.75,3855.0,282,70
2022-09-19 06:38:00,3855.0,3855.25,3854.5,3854.5,191,36
2022-09-19 06:39:00,3854.25,3854.25,3852.75,3852.75,196,-62
2022-09-19 06:40:00,3853.0,3853.25,3852.75,3853.25,140,15
2022-09-19 06:41:00,3853.25,3853.5,3852.75,3853.0,291,8
2022-09-19 06:42:00,3853.0,3853.75,3853.0,3853.75,133,30
2022-09-19 06:43:00,3853.75,3854.0,3853.25,3854.0,139,15
2022-09-19 06:44:00,3854.0,3855.5,3854.0,3855.25,325,159
2022-09-19 06:45:00,3855.0,3855.75,3854.5,3854.5,455,86
2022-09-19 06:46:00,3854.75,3856.5,3854.75,3856.0,452,233
2022-09-19 06:47:00,3856.0,3856.5,3855.5,3855.5,464,12
2022-09-19 06:48:00,3855.5,3857.0,3855.25,3857.0,492,202
2022-09-19 06:49:00,3856.75,3857.5,3856.5,3857.5,546,134
2022-09-19 06:50:00,3857.5,3857.5,3856.25,3857.0,333,5
2022-09-19 06:51:00,3856.75,3857.5,3856.5,3857.0,508,80
2022-09-19 06:52:00,3857.25,3857.75,3857.0,3857.75,380,65
2022-09-19 06:53:00,3857.5,3857.5,3856.5,3856.5,211,-38
2022-09-19 06:54:00,3856.75,3856.75,3855.25,3855.5,462,-207
2022-09-19 06:55:00,3855.25,3856.5,3855.0,3856.5,453,121
2022-09-19 06:56:00,3856.5,3857.75,3856.5,3856.75,194,39
2022-09-19 06:57:00,3857.0,3857.5,3856.5,3856.5,554,-135
2022-09-19 06:58:00,3856.75,3856.75,3855.75,3856.5,141,2
2022-09-19 06:59:00,3856.5,3857.5,3856.5,3857.5,242,21
2022-09-19 07:00:00,3857.5,3859.5,3857.25,3859.25,824,270
2022-09-19 07:01:00,3859.25,3859.75,3858.75,3859.5,269,8
2022-09-19 07:02:00,3859.25,3860.25,3858.75,3859.0,521,-49
2022-09-19 07:03:00,3858.75,3859.0,3858.25,3859.0,366,-26
2022-09-19 07:04:00,3859.0,3859.0,3858.25,3858.75,134,6
2022-09-19 07:05:00,3858.75,3859.5,3858.25,3859.5,187,104
2022-09-19 07:06:00,3859.5,3861.25,3859.25,3860.75,301,111
2022-09-19 07:07:00,3860.75,3863.0,3860.25,3860.25,1292,249
2022-09-19 07:08:00,3860.5,3861.5,3859.5,3859.5,688,-40
2022-09-19 07:09:00,3859.5,3860.5,3859.25,3860.25,456,-16
2022-09-19 07:10:00,3860.25,3860.5,3858.5,3859.0,347,-7
2022-09-19 07:11:00,3858.75,3859.5,3858.5,3859.25,318,45
2022-09-19 07:12:00,3859.5,3860.75,3859.5,3860.0,265,62
2022-09-19 07:13:00,3860.25,3861.0,3860.0,3860.75,291,20
2022-09-19 07:14:00,3861.0,3861.25,3860.0,3860.25,241,-16
2022-09-19 07:15:00,3860.5,3861.75,3860.5,3861.0,503,56
2022-09-19 07:16:00,3861.0,3861.0,3860.0,3860.25,239,-42
2022-09-19 07:17:00,3860.0,3860.25,3859.0,3859.0,304,22
2022-09-19 07:18:00,3859.0,3860.25,3859.0,3860.0,247,-52
2022-09-19 07:19:00,3859.75,3859.75,3859.0,3859.25,134,3
2022-09-19 07:20:00,3859.0,3860.0,3858.75,3859.0,201,36
2022-09-19 07:21:00,3859.0,3859.25,3858.25,3858.5,223,-32
2022-09-19 07:22:00,3858.75,3858.75,3857.0,3857.0,616,-114
2022-09-19 07:23:00,3857.0,3857.25,3856.5,3856.5,276,-32
2022-09-19 07:24:00,3856.75,3857.0,3855.0,3856.0,626,-190
2022-09-19 07:25:00,3855.75,3856.5,3855.5,3856.0,278,-28
2022-09-19 07:26:00,3856.0,3857.5,3855.5,3856.0,714,260
2022-09-19 07:27:00,3856.0,3857.0,3856.0,3856.75,287,44
2022-09-19 07:28:00,3856.5,3857.25,3855.5,3855.5,246,-61
2022-09-19 07:29:00,3855.75,3855.75,3854.0,3854.25,483,-179
2022-09-19 07:30:00,3854.25,3856.0,3854.25,3855.5,417,75
2022-09-19 07:31:00,3855.25,3856.0,3854.5,3855.25,317,-47
2022-09-19 07:32:00,3855.25,3855.25,3854.25,3854.75,309,-51
2022-09-19 07:33:00,3854.75,3855.75,3854.5,3855.25,127,29
2022-09-19 07:34:00,3855.25,3856.25,3855.0,3856.25,142,45
2022-09-19 07:35:00,3856.0,3857.5,3855.5,3857.25,429,108
2022-09-19 07:36:00,3857.5,3857.5,3856.5,3857.5,125,41
2022-09-19 07:37:00,3857.25,3858.75,3857.0,3858.5,421,84
2022-09-19 07:38:00,3858.5,3858.75,3857.0,3857.25,174,-78
2022-09-19 07:39:00,3857.25,3858.25,3856.75,3857.75,368,-28
2022-09-19 07:40:00,3857.75,3858.75,3857.75,3858.25,253,13
2022-09-19 07:41:00,3858.25,3858.75,3856.75,3857.0,577,46
2022-09-19 07:42:00,3857.0,3857.0,3855.5,3856.0,240,-97
2022-09-19 07:43:00,3855.75,3856.25,3855.0,3855.25,262,-102
2022-09-19 07:44:00,3855.25,3855.5,3854.75,3855.0,211,30
2022-09-19 07:45:00,3855.0,3856.0,3854.75,3855.75,253,20
2022-09-19 07:46:00,3855.75,3856.0,3854.75,3855.25,131,-64
2022-09-19 07:47:00,3855.25,3856.5,3855.25,3856.5,230,47
2022-09-19 07:48:00,3856.5,3857.0,3855.25,3855.75,242,37
2022-09-19 07:49:00,3855.75,3856.25,3854.75,3854.75,234,-60
2022-09-19 07:50:00,3854.75,3855.75,3854.5,3855.5,260,-86
2022-09-19 07:51:00,3855.5,3856.75,3855.5,3856.5,205,-4
2022-09-19 07:52:00,3856.5,3857.75,3856.25,3857.25,283,77
2022-09-19 07:53:00,3857.25,3857.5,3856.5,3857.25,257,-22
2022-09-19 07:54:00,3857.5,3857.5,3857.0,3857.5,175,26
2022-09-19 07:55:00,3857.5,3857.5,3854.75,3854.75,360,-93
2022-09-19 07:56:00,3854.75,3855.0,3852.25,3852.5,608,-188
2022-09-19 07:57:00,3852.25,3853.25,3851.5,3852.5,657,129
2022-09-19 07:58:00,3852.75,3853.0,3851.25,3851.5,280,-40
2022-09-19 07:59:00,3851.5,3852.0,3851.0,3851.5,477,-1
2022-09-19 08:00:00,3851.75,3853.0,3851.0,3852.75,561,133
2022-09-19 08:01:00,3852.75,3854.5,3852.25,3853.75,486,46
2022-09-19 08:02:00,3853.75,3855.0,3853.5,3855.0,367,47
2022-09-19 08:03:00,3855.0,3855.25,3854.0,3855.25,348,19
2022-09-19 08:04:00,3855.25,3855.25,3854.0,3854.25,224,-54
2022-09-19 08:05:00,3854.25,3855.75,3854.25,3855.25,554,274
2022-09-19 08:06:00,3855.25,3858.0,3855.0,3857.75,780,324
2022-09-19 08:07:00,3858.0,3858.0,3856.5,3857.25,455,-20
2022-09-19 08:08:00,3857.5,3859.0,3857.25,3858.75,464,74
2022-09-19 08:09:00,3858.5,3859.5,3858.25,3858.75,448,39
2022-09-19 08:10:00,3858.5,3859.25,3858.25,3859.0,400,13
2022-09-19 08:11:00,3859.25,3860.25,3858.5,3858.75,851,66
2022-09-19 08:12:00,3858.5,3858.5,3856.0,3856.5,819,-179
2022-09-19 08:13:00,3856.5,3857.75,3855.75,3855.75,882,-190
2022-09-19 08:14:00,3856.0,3856.75,3855.75,3856.25,466,-54
2022-09-19 08:15:00,3856.25,3856.5,3855.25,3855.75,432,-7
2022-09-19 08:16:00,3855.75,3856.0,3853.5,3853.75,1139,-120
2022-09-19 08:17:00,3854.0,3854.75,3853.5,3854.75,376,75
2022-09-19 08:18:00,3854.75,3854.75,3853.5,3853.5,398,-5
2022-09-19 08:19:00,3853.75,3854.25,3852.75,3853.5,396,-15
2022-09-19 08:20:00,3853.75,3855.75,3853.5,3855.25,702,97
2022-09-19 08:21:00,3855.25,3855.5,3853.0,3853.5,632,-50
2022-09-19 08:22:00,3853.5,3855.5,3853.5,3853.75,515,14
2022-09-19 08:23:00,3854.0,3854.75,3853.25,3854.5,384,40
2022-09-19 08:24:00,3854.25,3855.25,3854.25,3855.25,298,41
2022-09-19 08:25:00,3855.0,3855.75,3855.0,3855.5,388,14
2022-09-19 08:26:00,3855.5,3857.5,3855.5,3856.75,702,99
2022-09-19 08:27:00,3856.75,3857.5,3856.25,3857.5,569,143
2022-09-19 08:28:00,3857.75,3858.5,3856.75,3858.0,743,175
2022-09-19 08:29:00,3858.0,3858.0,3856.25,3856.75,710,14
2022-09-19 08:30:00,3856.75,3858.5,3856.25,3858.0,659,106
2022-09-19 08:31:00,3858.0,3858.5,3857.5,3858.0,489,70
2022-09-19 08:32:00,3858.0,3858.25,3855.75,3856.5,651,-174
2022-09-19 08:33:00,3856.25,3856.75,3855.5,3855.5,501,-97
2022-09-19 08:34:00,3855.5,3856.75,3854.75,3856.75,495,-20
2022-09-19 08:35:00,3856.5,3857.75,3855.75,3857.75,747,129
2022-09-19 08:36:00,3857.75,3858.5,3857.5,3858.0,553,54
2022-09-19 08:37:00,3858.0,3858.25,3857.25,3857.75,576,-42
2022-09-19 08:38:00,3857.75,3859.25,3857.5,3858.75,602,85
2022-09-19 08:39:00,3858.75,3862.0,3857.75,3862.0,1240,404
2022-09-19 08:40:00,3861.75,3863.75,3861.5,3863.0,1305,132
2022-09-19 08:41:00,3862.75,3862.75,3860.0,3860.75,1065,-222
2022-09-19 08:42:00,3860.75,3861.5,3860.5,3861.0,701,205
2022-09-19 08:43:00,3861.0,3862.5,3860.75,3861.5,551,28
2022-09-19 08:44:00,3861.5,3862.75,3861.25,3862.0,572,129
2022-09-19 08:45:00,3862.0,3863.0,3861.75,3862.75,474,36
2022-09-19 08:46:00,3862.5,3863.0,3862.0,3862.5,522,75
2022-09-19 08:47:00,3862.5,3864.75,3862.5,3864.25,1142,141
2022-09-19 08:48:00,3864.25,3864.5,3863.5,3864.25,769,20
2022-09-19 08:49:00,3864.25,3865.0,3864.25,3865.0,528,170
2022-09-19 08:50:00,3865.0,3866.75,3864.5,3866.75,1152,280
2022-09-19 08:51:00,3866.5,3867.25,3866.0,3867.0,985,84
2022-09-19 08:52:00,3867.0,3867.0,3865.75,3866.75,654,-71
2022-09-19 08:53:00,3866.75,3867.25,3864.25,3864.5,1127,-337
2022-09-19 08:54:00,3864.5,3864.75,3863.5,3864.5,675,36
2022-09-19 08:55:00,3864.75,3866.0,3864.75,3864.75,441,94
2022-09-19 08:56:00,3864.75,3865.0,3863.25,3863.25,487,-229
2022-09-19 08:57:00,3863.25,3863.5,3862.5,3863.25,573,9
2022-09-19 08:58:00,3863.5,3863.5,3862.5,3863.0,618,17
2022-09-19 08:59:00,3863.25,3863.5,3862.25,3862.75,428,-9
2022-09-19 09:00:00,3862.75,3863.5,3862.25,3862.5,807,22
2022-09-19 09:01:00,3862.5,3863.0,3861.25,3863.0,869,-44
2022-09-19 09:02:00,3863.0,3863.75,3862.75,3863.5,1066,157
2022-09-19 09:03:00,3863.75,3864.5,3862.75,3864.0,1092,94
2022-09-19 09:04:00,3864.0,3864.5,3863.0,3863.25,590,54
2022-09-19 09:05:00,3863.25,3863.75,3863.0,3863.5,435,-22
2022-09-19 09:06:00,3863.25,3865.0,3863.25,3864.5,677,187
2022-09-19 09:07:00,3864.25,3864.25,3862.5,3862.5,846,-210
2022-09-19 09:08:00,3862.5,3862.5,3860.5,3861.0,1208,-157
2022-09-19 09:09:00,3860.75,3862.0,3860.5,3862.0,1003,241
2022-09-19 09:10:00,3862.25,3862.25,3860.75,3861.5,622,58
2022-09-19 09:11:00,3861.5,3862.0,3861.25,3861.75,457,10
2022-09-19 09:12:00,3861.75,3862.0,3860.75,3860.75,394,-36
2022-09-19 09:13:00,3861.0,3862.75,3861.0,3861.5,708,37
2022-09-19 09:14:00,3861.5,3863.0,3861.5,3863.0,563,37
2022-09-19 09:15:00,3862.75,3863.0,3861.0,3861.75,865,23
2022-09-19 09:16:00,3862.0,3863.75,3861.75,3861.75,797,91
2022-09-19 09:17:00,3861.75,3862.0,3860.5,3860.5,367,-26
2022-09-19 09:18:00,3860.5,3861.25,3860.25,3860.75,468,-75
2022-09-19 09:19:00,3861.0,3861.0,3860.0,3860.0,426,-40
2022-09-19 09:20:00,3860.0,3860.25,3858.25,3858.75,1465,-370
2022-09-19 09:21:00,3858.5,3859.0,3858.0,3858.0,694,23
2022-09-19 09:22:00,3858.0,3858.5,3857.25,3858.5,746,52
2022-09-19 09:23:00,3858.75,3858.75,3856.25,3856.75,620,-197
2022-09-19 09:24:00,3856.75,3858.25,3856.5,3857.75,662,91
2022-09-19 09:25:00,3857.5,3858.0,3856.5,3857.25,1048,-96
2022-09-19 09:26:00,3857.0,3858.0,3856.5,3857.25,830,29
2022-09-19 09:27:00,3857.5,3857.5,3856.25,3857.25,1065,39
2022-09-19 09:28:00,3857.5,3857.75,3856.25,3856.5,1630,-177
2022-09-19 09:29:00,3856.5,3857.0,3853.75,3854.0,3013,-438
2022-09-19 09:30:00,3854.0,3858.25,3853.25,3858.0,15072,340
2022-09-19 09:31:00,3858.25,3862.0,3857.0,3861.75,10441,352
2022-09-19 09:32:00,3862.0,3867.0,3861.75,3865.75,12117,195
2022-09-19 09:33:00,3866.0,3866.75,3862.75,3865.0,7650,-238
2022-09-19 09:34:00,3865.25,3868.0,3864.0,3867.25,7238,224
2022-09-19 09:35:00,3867.5,3868.5,3863.0,3866.75,6761,208
2022-09-19 09:36:00,3867.0,3868.25,3865.25,3866.75,6148,111
2022-09-19 09:37:00,3866.75,3867.0,3864.0,3865.5,5144,-44
2022-09-19 09:38:00,3865.5,3866.75,3864.0,3865.25,4503,-42
2022-09-19 09:39:00,3865.0,3868.0,3864.25,3867.0,3976,209
2022-09-19 09:40:00,3867.25,3871.5,3867.0,3871.25,8368,697
2022-09-19 09:41:00,3871.25,3874.25,3871.0,3874.25,9376,284
2022-09-19 09:42:00,3874.0,3877.0,3872.5,3876.75,8818,48
2022-09-19 09:43:00,3877.0,3877.5,3874.5,3875.5,5295,-167
2022-09-19 09:44:00,3875.5,3876.75,3874.25,3875.5,5302,-206
2022-09-19 09:45:00,3875.75,3880.0,3874.5,3880.0,8283,449
2022-09-19 09:46:00,3879.75,3880.0,3875.75,3877.5,7082,-271
2022-09-19 09:47:00,3877.75,3878.0,3873.75,3876.0,5133,-119
2022-09-19 09:48:00,3876.0,3877.25,3873.75,3876.25,4804,-255
2022-09-19 09:49:00,3876.25,3877.5,3875.5,3876.75,3741,-85
2022-09-19 09:50:00,3876.75,3879.0,3876.0,3879.0,5297,-50
2022-09-19 09:51:00,3879.25,3883.0,3879.25,3881.0,7557,462
2022-09-19 09:52:00,3881.0,3884.0,3880.75,3884.0,5641,498
2022-09-19 09:53:00,3883.75,3886.75,3882.25,3884.25,8113,370
2022-09-19 09:54:00,3884.25,3884.75,3880.75,3881.5,6335,-815
2022-09-19 09:55:00,3881.5,3884.25,3880.0,3882.75,7190,-177
2022-09-19 09:56:00,3882.75,3883.25,3879.5,3880.0,5008,-304
2022-09-19 09:57:00,3880.0,3880.0,3877.75,3879.25,5800,-412
2022-09-19 09:58:00,3879.0,3880.5,3877.25,3880.0,5408,-5
2022-09-19 09:59:00,3880.0,3881.25,3878.75,3880.25,3926,110
2022-09-19 10:00:00,3880.5,3880.75,3874.25,3875.25,7141,-492
2022-09-19 10:01:00,3875.0,3876.0,3872.0,3875.0,7835,368
2022-09-19 10:02:00,3875.0,3876.5,3872.25,3872.5,5325,-267
2022-09-19 10:03:00,3872.5,3876.25,3872.25,3874.75,4156,85
2022-09-19 10:04:00,3874.5,3874.75,3873.25,3873.75,2502,-102
2022-09-19 10:05:00,3873.75,3877.25,3873.0,3877.25,4367,323
2022-09-19 10:06:00,3877.25,3881.5,3876.0,3880.5,5663,232
2022-09-19 10:07:00,3880.5,3880.5,3875.0,3875.0,5047,-314
2022-09-19 10:08:00,3874.75,3877.25,3873.0,3875.25,4311,-84
2022-09-19 10:09:00,3875.0,3877.5,3874.25,3877.0,4544,295
2022-09-19 10:10:00,3877.0,3880.5,3875.75,3877.5,5959,335
2022-09-19 10:11:00,3877.5,3881.5,3877.5,3880.75,4898,284
2022-09-19 10:12:00,3880.75,3885.75,3878.0,3885.25,6100,594
2022-09-19 10:13:00,3885.25,3891.25,3884.75,3889.25,11640,1494
2022-09-19 10:14:00,3889.25,3891.0,3885.0,3886.0,8059,-423
2022-09-19 10:15:00,3886.0,3887.25,3882.25,3886.0,6268,13
2022-09-19 10:16:00,3886.0,3887.75,3884.0,3885.25,4422,-138
2022-09-19 10:17:00,3885.5,3887.25,3885.25,3885.5,2880,-17
2022-09-19 10:18:00,3885.5,3885.75,3882.25,3883.75,4407,-363
2022-09-19 10:19:00,3883.75,3884.0,3879.0,3880.0,6491,-883
2022-09-19 10:20:00,3879.75,3881.0,3877.5,3878.0,5869,-326
2022-09-19 10:21:00,3878.25,3879.5,3875.75,3877.5,6608,-758
2022-09-19 10:22:00,3877.25,3881.0,3876.0,3880.0,6343,296
2022-09-19 10:23:00,3880.0,3880.5,3878.0,3879.5,3510,77
2022-09-19 10:24:00,3879.5,3883.0,3879.5,3883.0,5608,677
2022-09-19 10:25:00,3883.0,3885.25,3882.75,3884.5,6097,139
2022-09-19 10:26:00,3884.25,3889.25,3884.25,3889.25,6172,459
2022-09-19 10:27:00,3889.25,3889.5,3885.5,3886.0,6606,-132
2022-09-19 10:28:00,3885.75,3888.5,3885.75,3888.0,4625,74
2022-09-19 10:29:00,3888.0,3889.25,3886.75,3889.25,4638,249
2022-09-19 10:30:00,3889.0,3891.75,3885.75,3888.25,10032,168
2022-09-19 10:31:00,3888.25,3889.5,3884.0,3885.0,9694,-595
2022-09-19 10:32:00,3884.75,3887.25,3884.0,3884.75,5707,-164
2022-09-19 10:33:00,3884.75,3888.0,3884.25,3886.5,5562,216
2022-09-19 10:34:00,3886.5,3889.25,3885.75,3888.0,4287,110
2022-09-19 10:35:00,3888.0,3894.5,3888.0,3894.25,8115,1224
2022-09-19 10:36:00,3894.5,3896.5,3894.25,3896.25,7572,598
2022-09-19 10:37:00,3896.5,3896.75,3892.75,3894.75,6076,-370
2022-09-19 10:38:00,3894.75,3896.5,3893.75,3895.5,4947,178
2022-09-19 10:39:00,3895.5,3896.25,3893.75,3895.75,4782,125
2022-09-19 10:40:00,3895.75,3899.0,3895.0,3898.75,7672,924
2022-09-19 10:41:00,3898.75,3900.75,3898.0,3900.25,8558,466
2022-09-19 10:42:00,3900.25,3902.0,3899.0,3900.5,7769,100
2022-09-19 10:43:00,3900.75,3902.0,3899.5,3900.25,4663,-27
2022-09-19 10:44:00,3900.5,3902.0,3898.5,3900.75,5133,-242
2022-09-19 10:45:00,3900.5,3903.75,3900.25,3901.75,5619,255
2022-09-19 10:46:00,3902.0,3902.0,3899.75,3900.5,4930,-335
2022-09-19 10:47:00,3900.5,3901.75,3899.75,3900.25,4717,-482
2022-09-19 10:48:00,3900.25,3900.25,3898.0,3899.5,5408,-382
2022-09-19 10:49:00,3899.75,3900.5,3897.5,3898.0,4692,-292
2022-09-19 10:50:00,3898.0,3898.5,3894.25,3895.75,6528,-156
2022-09-19 10:51:00,3896.0,3897.0,3894.25,3896.5,5126,-13
2022-09-19 10:52:00,3896.5,3898.75,3895.5,3895.75,5210,124
2022-09-19 10:53:00,3895.75,3895.75,3893.25,3894.0,5060,-590
2022-09-19 10:54:00,3894.0,3895.75,3892.5,3892.75,3049,-166
2022-09-19 10:55:00,3892.75,3896.0,3892.5,3895.75,3378,402
2022-09-19 10:56:00,3895.75,3896.5,3892.5,3893.25,3635,-78
2022-09-19 10:57:00,3893.25,3893.75,3892.0,3893.0,2684,-11
2022-09-19 10:58:00,3893.0,3895.0,3891.25,3893.75,3791,124
2022-09-19 10:59:00,3893.75,3895.5,3893.25,3894.0,3322,168
2022-09-19 11:00:00,3894.25,3896.75,3893.75,3894.75,4011,63
2022-09-19 11:01:00,3894.75,3898.25,3892.25,3898.0,5465,-28
2022-09-19 11:02:00,3898.0,3901.75,3896.5,3899.0,6989,333
2022-09-19 11:03:00,3899.25,3900.75,3896.0,3896.25,4038,-111
2022-09-19 11:04:00,3896.25,3898.0,3895.5,3897.0,3200,-82
2022-09-19 11:05:00,3897.0,3899.0,3896.0,3898.75,3122,117
2022-09-19 11:06:00,3898.75,3900.0,3897.5,3898.25,3136,174
2022-09-19 11:07:00,3898.25,3899.5,3896.75,3897.75,3425,-13
2022-09-19 11:08:00,3897.75,3899.0,3896.5,3898.75,3410,179
2022-09-19 11:09:00,3898.5,3899.25,3895.0,3896.75,3510,-180
2022-09-19 11:10:00,3896.5,3899.5,3896.0,3896.0,4635,15
2022-09-19 11:11:00,3896.0,3898.5,3893.75,3898.0,5235,69
2022-09-19 11:12:00,3897.75,3898.5,3894.75,3895.5,3471,-147
2022-09-19 11:13:00,3895.25,3895.25,3893.0,3894.25,3876,-164
2022-09-19 11:14:00,3894.5,3895.0,3892.5,3894.25,3008,-101
2022-09-19 11:15:00,3894.25,3896.0,3892.5,3895.75,3610,185
2022-09-19 11:16:00,3895.75,3897.5,3895.25,3897.0,3737,182
2022-09-19 11:17:00,3897.0,3899.25,3896.0,3899.0,3491,411
2022-09-19 11:18:00,3898.75,3902.75,3898.0,3898.25,8075,195
2022-09-19 11:19:00,3898.0,3898.5,3895.5,3895.75,4865,-330
2022-09-19 11:20:00,3895.5,3896.25,3893.0,3893.5,4963,-295
2022-09-19 11:21:00,3893.75,3893.75,3890.25,3891.0,6863,-625
2022-09-19 11:22:00,3891.0,3893.75,3890.75,3893.25,5035,211
2022-09-19 11:23:00,3893.25,3893.5,3890.5,3893.0,3484,-233
2022-09-19 11:24:00,3893.25,3894.0,3888.0,3890.0,8362,-1202
2022-09-19 11:25:00,3889.75,3891.25,3887.75,3889.0,6236,-268
2022-09-19 11:26:00,3888.75,3889.0,3886.25,3887.5,5905,-685
2022-09-19 11:27:00,3887.25,3887.75,3885.75,3886.25,3907,-174
2022-09-19 11:28:00,3886.25,3886.5,3884.5,3885.25,3725,-246
2022-09-19 11:29:00,3885.25,3885.25,3883.5,3884.0,4587,104
2022-09-19 11:30:00,3883.75,3884.75,3883.0,3884.25,4491,73
2022-09-19 11:31:00,3884.25,3884.25,3879.0,3879.75,7683,-368
2022-09-19 11:32:00,3879.75,3882.5,3879.0,3881.5,5180,106
2022-09-19 11:33:00,3881.5,3884.0,3881.25,3882.0,4985,32
2022-09-19 11:34:00,3882.0,3882.75,3880.75,3881.25,3952,-227
2022-09-19 11:35:00,3881.25,3881.25,3877.75,3878.5,5444,-608
2022-09-19 11:36:00,3878.25,3880.0,3876.25,3877.75,5723,-257
2022-09-19 11:37:00,3877.5,3878.5,3874.25,3875.25,7072,-380
2022-09-19 11:38:00,3875.25,3877.75,3873.5,3877.0,6842,146
2022-09-19 11:39:00,3876.75,3878.5,3875.75,3876.0,3525,-52
2022-09-19 11:40:00,3875.75,3879.0,3874.5,3877.0,4495,-39
2022-09-19 11:41:00,3876.75,3878.75,3875.75,3877.5,3203,177
2022-09-19 11:42:00,3877.5,3878.75,3876.75,3878.0,3659,34
2022-09-19 11:43:00,3878.0,3879.5,3877.0,3879.0,3249,65
2022-09-19 11:44:00,3878.75,3879.75,3878.0,3878.25,2389,-65
2022-09-19 11:45:00,3878.25,3881.25,3878.0,3881.0,4101,609
2022-09-19 11:46:00,3881.0,3882.0,3879.5,3880.75,4427,136
2022-09-19 11:47:00,3881.0,3883.0,3880.0,3883.0,3947,452
2022-09-19 11:48:00,3883.0,3883.25,3880.5,3882.0,2593,-224
2022-09-19 11:49:00,3882.0,3882.75,3880.5,3882.25,2959,-256
2022-09-19 11:50:00,3882.0,3882.75,3880.75,3882.25,2215,128
2022-09-19 11:51:00,3882.25,3883.25,3881.75,3882.0,2516,89
2022-09-19 11:52:00,3882.25,3884.75,3881.5,3883.5,3529,305
2022-09-19 11:53:00,3883.5,3884.25,3880.5,3880.5,3295,-322
2022-09-19 11:54:00,3880.75,3882.0,3879.25,3882.0,3014,3
2022-09-19 11:55:00,3882.0,3883.25,3880.0,3881.5,5600,-152
2022-09-19 11:56:00,3881.25,3881.5,3878.0,3878.25,3407,-457
2022-09-19 11:57:00,3878.25,3878.5,3876.0,3876.75,5129,-540
2022-09-19 11:58:00,3876.75,3879.0,3876.25,3877.75,2933,152
2022-09-19 11:59:00,3877.75,3879.0,3876.75,3877.0,2344,-8
2022-09-19 12:00:00,3877.0,3881.5,3876.5,3880.75,4948,507
2022-09-19 12:01:00,3880.5,3881.5,3879.0,3880.25,2500,-51
2022-09-19 12:02:00,3880.25,3882.0,3879.5,3881.0,2931,97
2022-09-19 12:03:00,3880.75,3881.25,3877.25,3878.75,2996,-312
2022-09-19 12:04:00,3878.5,3878.5,3876.5,3876.75,2139,-130
2022-09-19 12:05:00,3876.75,3878.75,3875.0,3875.5,3078,-510
2022-09-19 12:06:00,3875.5,3875.75,3870.5,3871.25,8782,-2052
2022-09-19 12:07:00,3871.25,3879.75,3870.5,3879.5,8325,764
2022-09-19 12:08:00,3879.25,3881.25,3879.0,3880.75,4447,58
2022-09-19 12:09:00,3881.0,3882.0,3879.0,3879.75,3839,-62
2022-09-19 12:10:00,3879.75,3882.0,3879.25,3881.25,3124,168
2022-09-19 12:11:00,3881.5,3882.0,3880.0,3880.5,2588,-75
2022-09-19 12:12:00,3880.5,3881.75,3879.0,3881.5,1986,30
2022-09-19 12:13:00,3881.5,3882.5,3880.0,3882.0,2578,35
2022-09-19 12:14:00,3882.0,3882.5,3878.75,3879.5,3132,-80
2022-09-19 12:15:00,3879.5,3879.75,3877.0,3879.0,3222,-362
2022-09-19 12:16:00,3879.0,3880.5,3877.0,3879.5,4685,15
2022-09-19 12:17:00,3879.5,3880.75,3877.5,3880.0,5356,-147
2022-09-19 12:18:00,3880.25,3882.5,3879.5,3881.25,2904,62
2022-09-19 12:19:00,3881.5,3883.75,3880.0,3880.25,3719,333
2022-09-19 12:20:00,3880.25,3880.75,3876.75,3877.5,3546,-615
2022-09-19 12:21:00,3877.5,3881.75,3877.25,3879.75,4922,436
2022-09-19 12:22:00,3880.0,3881.25,3878.25,3878.75,3551,-134
2022-09-19 12:23:00,3878.5,3881.5,3878.25,3881.0,1902,155
2022-09-19 12:24:00,3881.0,3881.75,3879.5,3879.75,1853,-133
2022-09-19 12:25:00,3879.5,3881.0,3878.25,3878.25,2537,-61
2022-09-19 12:26:00,3878.5,3879.25,3877.75,3878.0,2300,-47
2022-09-19 12:27:00,3878.0,3878.25,3875.25,3875.25,3106,-307
2022-09-19 12:28:00,3875.0,3877.75,3874.25,3877.5,3181,119
2022-09-19 12:29:00,3877.25,3878.75,3876.25,3877.25,2249,-4
2022-09-19 12:30:00,3877.5,3879.5,3876.5,3877.25,2884,13
2022-09-19 12:31:00,3877.25,3881.25,3876.75,3880.75,5317,805
2022-09-19 12:32:00,3880.75,3882.25,3879.25,3879.5,3105,-112
2022-09-19 12:33:00,3879.75,3881.75,3878.75,3881.25,1835,-33
2022-09-19 12:34:00,3881.5,3882.5,3880.5,3882.25,1513,70
2022-09-19 12:35:00,3882.25,3887.5,3882.0,3886.75,7413,1319
2022-09-19 12:36:00,3887.0,3890.25,3886.5,3887.5,6351,277
2022-09-19 12:37:00,3887.5,3888.5,3884.0,3888.25,4168,-3
2022-09-19 12:38:00,3888.25,3890.0,3887.75,3888.25,2611,-117
2022-09-19 12:39:00,3888.25,3889.25,3887.75,3888.0,2387,-103
2022-09-19 12:40:00,3888.25,3888.25,3885.25,3885.75,4094,-292
2022-09-19 12:41:00,3885.75,3886.75,3884.25,3884.5,2443,-190
2022-09-19 12:42:00,3884.5,3888.75,3884.5,3888.25,2557,277
2022-09-19 12:43:00,3888.25,3889.5,3887.75,3888.5,2743,272
2022-09-19 12:44:00,3888.5,3889.75,3888.25,3889.5,1710,186
2022-09-19 12:45:00,3889.5,3890.0,3887.75,3889.75,2112,17
2022-09-19 12:46:00,3889.75,3889.75,3888.5,3889.0,1531,-44
2022-09-19 12:47:00,3889.0,3889.25,3887.0,3888.0,2583,-251
2022-09-19 12:48:00,3888.0,3888.5,3887.0,3888.0,1615,-56
2022-09-19 12:49:00,3888.0,3888.0,3886.0,3887.0,1597,-101
2022-09-19 12:50:00,3887.25,3890.5,3887.0,3890.0,2698,409
2022-09-19 12:51:00,3890.0,3891.25,3889.0,3890.25,2540,108
2022-09-19 12:52:00,3890.25,3892.5,3890.0,3892.25,2660,188
2022-09-19 12:53:00,3892.25,3893.0,3891.25,3892.75,2571,273
2022-09-19 12:54:00,3892.5,3893.25,3891.25,3893.25,1876,1
2022-09-19 12:55:00,3893.0,3894.0,3892.0,3894.0,3011,19
2022-09-19 12:56:00,3894.0,3894.25,3892.0,3892.25,2250,-152
2022-09-19 12:57:00,3892.5,3893.25,3891.25,3891.25,1824,-318
2022-09-19 12:58:00,3891.5,3895.5,3891.5,3894.75,3687,213
2022-09-19 12:59:00,3894.75,3895.0,3892.25,3893.25,2520,-103
2022-09-19 13:00:00,3893.5,3894.75,3892.5,3893.75,3097,40
2022-09-19 13:01:00,3893.5,3894.75,3892.5,3893.25,2060,96
2022-09-19 13:02:00,3893.5,3893.5,3891.75,3893.25,2881,-99
2022-09-19 13:03:00,3893.5,3893.75,3891.0,3892.25,3291,-138
2022-09-19 13:04:00,3892.5,3894.0,3890.5,3891.0,2821,-136
2022-09-19 13:05:00,3891.0,3891.0,3888.75,3889.5,3956,-273
2022-09-19 13:06:00,3889.75,3893.0,3889.5,3892.25,3459,59
2022-09-19 13:07:00,3892.25,3892.5,3890.25,3891.75,1719,13
2022-09-19 13:08:00,3891.5,3892.25,3889.75,3890.0,1742,-77
2022-09-19 13:09:00,3890.0,3892.25,3889.25,3891.5,1767,53
2022-09-19 13:10:00,3891.75,3892.25,3889.5,3889.5,2387,-209
2022-09-19 13:11:00,3889.5,3890.0,3887.75,3888.75,2703,-146
2022-09-19 13:12:00,3888.75,3888.75,3886.25,3886.25,2797,-200
2022-09-19 13:13:00,3886.25,3887.75,3885.25,3887.5,2197,40
2022-09-19 13:14:00,3887.75,3888.5,3886.5,3886.75,2136,62
2022-09-19 13:15:00,3886.75,3886.75,3885.0,3885.75,2477,-246
2022-09-19 13:16:00,3885.75,3886.25,3884.0,3884.5,2296,-100
2022-09-19 13:17:00,3884.75,3887.0,3883.75,3886.25,3175,105
2022-09-19 13:18:00,3886.25,3887.0,3884.0,3885.25,2107,-52
2022-09-19 13:19:00,3885.25,3888.0,3884.75,3888.0,1864,109
2022-09-19 13:20:00,3887.75,3888.5,3887.0,3888.25,1832,162
2022-09-19 13:21:00,3888.25,3889.0,3885.5,3887.0,2793,40
2022-09-19 13:22:00,3887.0,3889.5,3887.0,3888.25,1723,-12
2022-09-19 13:23:00,3888.5,3890.0,3888.0,3889.75,2494,105
2022-09-19 13:24:00,3889.75,3891.0,3889.0,3891.0,2471,271
2022-09-19 13:25:00,3890.75,3892.0,3889.75,3890.5,2022,18
2022-09-19 13:26:00,3890.75,3892.75,3890.0,3891.25,2061,206
2022-09-19 13:27:00,3891.5,3892.25,3890.25,3891.25,1523,54
2022-09-19 13:28:00,3891.5,3892.5,3890.5,3891.5,1693,-97
2022-09-19 13:29:00,3891.75,3893.0,3891.25,3892.75,1705,158
2022-09-19 13:30:00,3892.75,3893.0,3891.25,3892.5,1872,23
2022-09-19 13:31:00,3892.25,3892.5,3889.75,3890.25,1762,-202
2022-09-19 13:32:00,3890.0,3890.75,3889.5,3890.25,1841,-31
2022-09-19 13:33:00,3890.25,3890.25,3885.5,3887.25,4450,-172
2022-09-19 13:34:00,3887.25,3887.25,3885.0,3885.5,2622,-218
2022-09-19 13:35:00,3885.75,3887.5,3884.75,3886.25,2477,-8
2022-09-19 13:36:00,3886.25,3886.25,3883.75,3884.0,4385,-105
2022-09-19 13:37:00,3884.0,3884.5,3882.0,3882.75,5656,-448
2022-09-19 13:38:00,3883.0,3886.25,3882.75,3884.75,3035,255
2022-09-19 13:39:00,3884.75,3886.25,3884.5,3885.75,2106,52
2022-09-19 13:40:00,3885.75,3887.5,3885.0,3887.0,2473,120
2022-09-19 13:41:00,3887.0,3888.25,3886.5,3888.0,2887,181
2022-09-19 13:42:00,3887.75,3888.75,3886.75,3888.5,3021,-74
2022-09-19 13:43:00,3888.75,3888.75,3885.5,3886.75,3730,-130
2022-09-19 13:44:00,3887.0,3887.75,3885.75,3887.5,1506,-33
2022-09-19 13:45:00,3887.5,3890.5,3886.75,3890.0,3911,133
2022-09-19 13:46:00,3890.0,3891.25,3889.5,3890.75,2493,99
2022-09-19 13:47:00,3890.75,3892.5,3890.75,3892.0,2594,389
2022-09-19 13:48:00,3892.0,3892.25,3890.5,3891.0,4961,-250
2022-09-19 13:49:00,3890.75,3891.5,3888.5,3888.75,2554,-447
2022-09-19 13:50:00,3888.75,3890.25,3888.0,3890.25,2758,22
2022-09-19 13:51:00,3890.0,3890.0,3887.0,3888.0,3187,-340
2022-09-19 13:52:00,3888.0,3888.5,3886.75,3888.0,3770,-34
2022-09-19 13:53:00,3888.0,3888.0,3885.5,3887.5,2733,-65
2022-09-19 13:54:00,3887.5,3888.0,3886.5,3887.75,2558,-91
2022-09-19 13:55:00,3887.5,3889.25,3887.25,3888.75,2071,181
2022-09-19 13:56:00,3889.0,3890.0,3888.75,3890.0,2437,69
2022-09-19 13:57:00,3889.75,3890.0,3885.25,3886.0,4754,-427
2022-09-19 13:58:00,3886.0,3887.0,3884.75,3886.0,3692,-217
2022-09-19 13:59:00,3886.25,3887.0,3884.75,3886.5,3820,-183
2022-09-19 14:00:00,3886.5,3888.0,3884.5,3884.5,6255,-404
2022-09-19 14:01:00,3884.25,3888.0,3884.25,3887.0,5678,-124
2022-09-19 14:02:00,3887.25,3888.75,3885.5,3886.0,4123,31
2022-09-19 14:03:00,3886.0,3887.0,3884.5,3885.0,4232,-73
2022-09-19 14:04:00,3884.75,3886.5,3883.5,3884.0,3051,-223
2022-09-19 14:05:00,3883.75,3885.0,3882.75,3883.5,3410,-95
2022-09-19 14:06:00,3883.5,3884.25,3881.75,3883.0,3494,-111
2022-09-19 14:07:00,3883.0,3884.75,3882.5,3883.5,2714,7
2022-09-19 14:08:00,3883.75,3887.0,3883.5,3886.5,4250,346
2022-09-19 14:09:00,3886.5,3887.25,3885.0,3886.5,2843,-147
2022-09-19 14:10:00,3886.25,3887.0,3884.0,3884.75,3288,-127
2022-09-19 14:11:00,3884.5,3885.5,3883.5,3884.0,3881,-175
2022-09-19 14:12:00,3883.75,3886.75,3883.5,3886.0,2956,55
2022-09-19 14:13:00,3886.0,3886.25,3883.5,3884.0,2503,-55
2022-09-19 14:14:00,3884.0,3884.25,3882.0,3882.0,2640,-212
2022-09-19 14:15:00,3882.0,3884.0,3882.0,3884.0,3055,-23
2022-09-19 14:16:00,3883.75,3886.25,3883.75,3886.25,3737,20
2022-09-19 14:17:00,3886.0,3888.5,3885.5,3887.75,5057,306
2022-09-19 14:18:00,3887.5,3888.75,3886.5,3887.5,3936,-24
2022-09-19 14:19:00,3887.5,3887.5,3883.75,3884.75,3885,-278
2022-09-19 14:20:00,3884.75,3886.75,3884.25,3884.25,3168,45
2022-09-19 14:21:00,3884.5,3886.75,3884.5,3886.75,2235,69
2022-09-19 14:22:00,3886.75,3887.0,3883.0,3883.5,3026,-385
2022-09-19 14:23:00,3883.25,3883.25,3878.75,3879.25,5190,-676
2022-09-19 14:24:00,3879.25,3881.0,3879.0,3880.0,4496,79
2022-09-19 14:25:00,3879.75,3883.0,3879.25,3882.0,4875,-7
2022-09-19 14:26:00,3882.0,3883.0,3880.0,3880.5,2654,-193
2022-09-19 14:27:00,3880.5,3883.5,3880.25,3883.5,3855,124
2022-09-19 14:28:00,3883.5,3885.0,3883.5,3885.0,2720,227
2022-09-19 14:29:00,3885.0,3885.25,3883.25,3884.0,2457,22
2022-09-19 14:30:00,3884.0,3887.0,3884.0,3885.75,4713,253
2022-09-19 14:31:00,3886.0,3887.75,3885.5,3887.0,4353,120
2022-09-19 14:32:00,3887.0,3887.75,3885.25,3886.25,3098,-110
2022-09-19 14:33:00,3886.0,3887.5,3885.75,3886.75,2815,31
2022-09-19 14:34:00,3886.75,3887.75,3885.5,3887.25,2915,89
2022-09-19 14:35:00,3887.25,3887.25,3884.75,3885.5,3897,-400
2022-09-19 14:36:00,3885.5,3886.75,3884.75,3886.5,2954,-22
2022-09-19 14:37:00,3886.5,3887.5,3886.0,3886.75,3307,352
2022-09-19 14:38:00,3886.75,3891.25,3886.0,3891.25,7844,1197
2022-09-19 14:39:00,3891.25,3891.5,3889.25,3890.25,4086,-148
2022-09-19 14:40:00,3890.5,3890.5,3887.0,3889.5,5581,-170
2022-09-19 14:41:00,3889.25,3889.5,3886.75,3887.5,3642,-216
2022-09-19 14:42:00,3887.5,3889.0,3886.25,3887.0,4515,-391
2022-09-19 14:43:00,3886.75,3887.75,3886.0,3887.0,3182,113
2022-09-19 14:44:00,3887.25,3887.5,3885.25,3885.5,3600,-121
2022-09-19 14:45:00,3885.75,3886.25,3884.25,3884.5,3118,-295
2022-09-19 14:46:00,3884.5,3886.5,3883.75,3885.5,3218,87
2022-09-19 14:47:00,3885.75,3886.25,3884.0,3884.0,3188,-68
2022-09-19 14:48:00,3884.0,3885.0,3882.75,3883.25,3866,-131
2022-09-19 14:49:00,3883.25,3884.25,3882.75,3884.25,3597,22
2022-09-19 14:50:00,3884.0,3887.25,3883.5,3886.75,4436,289
2022-09-19 14:51:00,3887.0,3889.0,3886.5,3888.75,3070,115
2022-09-19 14:52:00,3888.75,3890.25,3888.0,3889.0,5561,-235
2022-09-19 14:53:00,3888.75,3889.25,3886.75,3888.25,2707,-93
2022-09-19 14:54:00,3888.25,3889.0,3886.25,3888.25,2187,-53
2022-09-19 14:55:00,3888.0,3889.75,3887.5,3889.25,2823,68
2022-09-19 14:56:00,3889.5,3891.25,3888.75,3890.5,3107,354
2022-09-19 14:57:00,3890.5,3891.5,3889.25,3890.25,2887,-43
2022-09-19 14:58:00,3890.25,3891.0,3889.0,3890.0,2572,-26
2022-09-19 14:59:00,3889.75,3891.25,3889.0,3890.75,3826,195
2022-09-19 15:00:00,3891.0,3895.25,3890.75,3895.0,6429,946
2022-09-19 15:01:00,3895.0,3898.0,3893.5,3896.5,5887,396
2022-09-19 15:02:00,3896.5,3898.0,3895.5,3897.0,3920,-3
2022-09-19 15:03:00,3897.0,3901.0,3896.75,3900.25,7990,1333
2022-09-19 15:04:00,3900.25,3902.75,3900.0,3901.5,5774,-41
2022-09-19 15:05:00,3901.5,3903.0,3900.5,3902.5,6276,65
2022-09-19 15:06:00,3902.5,3902.5,3899.75,3900.5,5570,-365
2022-09-19 15:07:00,3900.75,3902.5,3900.25,3900.5,3041,79
2022-09-19 15:08:00,3900.75,3902.5,3900.25,3901.75,3731,71
2022-09-19 15:09:00,3901.75,3903.25,3901.0,3901.75,3433,171
2022-09-19 15:10:00,3901.75,3914.0,3900.25,3912.5,9415,2914
2022-09-19 15:11:00,3912.5,3912.5,3906.5,3910.25,12880,-1040
2022-09-19 15:12:00,3910.25,3912.0,3909.5,3911.0,7773,-35
2022-09-19 15:13:00,3911.25,3912.5,3909.0,3909.25,7213,-104
2022-09-19 15:14:00,3909.0,3910.75,3907.5,3909.75,5110,-328
2022-09-19 15:15:00,3910.0,3911.0,3908.25,3910.5,5168,101
2022-09-19 15:16:00,3910.5,3911.0,3908.75,3910.5,3478,36
2022-09-19 15:17:00,3910.5,3911.75,3907.5,3908.5,6658,-318
2022-09-19 15:18:00,3908.5,3909.5,3907.0,3908.0,4005,3
2022-09-19 15:19:00,3908.0,3908.5,3906.0,3907.25,3362,-55
2022-09-19 15:20:00,3907.25,3908.0,3904.75,3907.25,4351,-297
2022-09-19 15:21:00,3907.5,3909.75,3907.25,3908.5,3442,321
2022-09-19 15:22:00,3908.5,3909.5,3907.25,3909.25,2507,88
2022-09-19 15:23:00,3909.25,3910.5,3908.0,3908.0,2706,170
2022-09-19 15:24:00,3908.0,3910.75,3907.25,3910.25,4231,202
2022-09-19 15:25:00,3910.0,3911.75,3910.0,3911.5,3579,266
2022-09-19 15:26:00,3911.25,3912.5,3910.25,3910.75,3197,78
2022-09-19 15:27:00,3910.5,3913.25,3909.5,3912.0,3630,173
2022-09-19 15:28:00,3912.0,3915.75,3911.5,3915.0,6957,1214
2022-09-19 15:29:00,3915.0,3916.0,3911.0,3912.25,5786,-553
2022-09-19 15:30:00,3912.25,3916.5,3912.25,3914.25,7491,461
2022-09-19 15:31:00,3914.25,3916.0,3913.5,3914.75,4778,-7
2022-09-19 15:32:00,3915.0,3916.5,3913.75,3915.75,4443,42
2022-09-19 15:33:00,3916.0,3916.75,3913.75,3915.0,4642,-215
2022-09-19 15:34:00,3915.0,3917.25,3914.0,3914.0,4709,38
2022-09-19 15:35:00,3913.75,3915.5,3912.5,3915.0,5734,3
2022-09-19 15:36:00,3915.25,3916.25,3913.5,3914.25,3768,-98
2022-09-19 15:37:00,3914.0,3916.25,3913.0,3915.75,4021,140
2022-09-19 15:38:00,3916.0,3918.0,3915.5,3917.0,4084,367
2022-09-19 15:39:00,3917.25,3918.0,3915.0,3915.25,3132,-213
2022-09-19 15:40:00,3915.25,3917.25,3915.0,3916.75,3494,17
2022-09-19 15:41:00,3916.75,3918.0,3916.0,3916.5,3549,-18
2022-09-19 15:42:00,3916.5,3917.0,3914.75,3915.0,3374,-169
2022-09-19 15:43:00,3915.0,3916.25,3914.0,3915.5,4029,-183
2022-09-19 15:44:00,3915.5,3916.75,3914.5,3915.75,2681,-54
2022-09-19 15:45:00,3915.75,3918.0,3914.75,3917.5,4717,162
2022-09-19 15:46:00,3917.5,3917.5,3914.0,3914.0,4626,-479
2022-09-19 15:47:00,3914.25,3915.25,3912.25,3912.75,5386,-318
2022-09-19 15:48:00,3912.75,3914.25,3911.25,3913.25,4844,-68
2022-09-19 15:49:00,3913.25,3914.0,3912.5,3913.25,4244,46
2022-09-19 15:50:00,3913.5,3914.75,3907.25,3908.75,10587,-1195
2022-09-19 15:51:00,3908.5,3911.25,3907.5,3910.25,6140,188
2022-09-19 15:52:00,3910.25,3913.25,3909.25,3912.25,6392,95
2022-09-19 15:53:00,3912.25,3914.25,3912.0,3913.75,5507,321
2022-09-19 15:54:00,3913.75,3916.0,3913.0,3915.75,6138,258
2022-09-19 15:55:00,3915.75,3917.0,3912.25,3912.75,9058,156
2022-09-19 15:56:00,3912.5,3914.25,3912.25,3913.75,6212,-40
2022-09-19 15:57:00,3913.5,3916.75,3913.25,3916.5,8448,309
2022-09-19 15:58:00,3916.5,3917.75,3914.75,3917.75,9958,321
2022-09-19 15:59:00,3917.75,3918.75,3914.25,3918.75,42708,21
2022-09-19 16:00:00,3918.75,3921.75,3917.0,3921.25,15734,479
2022-09-19 16:01:00,3921.5,3927.0,3920.75,3926.0,10757,737
2022-09-19 16:02:00,3926.0,3926.25,3922.5,3923.5,5203,-418
2022-09-19 16:03:00,3923.5,3924.0,3922.5,3922.75,2559,-168
2022-09-19 16:04:00,3922.75,3923.75,3921.5,3921.75,1970,-140
2022-09-19 16:05:00,3921.75,3923.0,3921.0,3921.0,2476,120
2022-09-19 16:06:00,3921.0,3921.25,3919.75,3920.5,1862,-92
2022-09-19 16:07:00,3920.25,3920.75,3919.0,3919.0,1389,-56
2022-09-19 16:08:00,3919.25,3920.25,3918.75,3920.0,1313,48
2022-09-19 16:09:00,3920.0,3920.0,3918.25,3918.75,1231,23
2022-09-19 16:10:00,3918.75,3919.25,3918.0,3918.75,1349,158
2022-09-19 16:11:00,3918.75,3919.25,3918.0,3918.5,1624,25
2022-09-19 16:12:00,3918.25,3919.25,3918.25,3918.5,876,103
2022-09-19 16:13:00,3918.25,3919.25,3918.25,3919.25,1025,208
2022-09-19 16:14:00,3919.0,3920.25,3918.25,3919.25,2012,141
2022-09-19 16:15:00,3919.25,3919.75,3918.0,3918.0,839,-67
2022-09-19 16:16:00,3918.0,3919.0,3918.0,3918.75,520,63
2022-09-19 16:17:00,3918.5,3918.75,3917.75,3917.75,790,-58
2022-09-19 16:18:00,3917.75,3918.0,3917.5,3918.0,219,-18
2022-09-19 16:19:00,3918.0,3918.0,3917.25,3917.75,214,6
2022-09-19 16:20:00,3917.75,3918.0,3916.75,3916.75,471,-201
2022-09-19 16:21:00,3917.0,3917.0,3916.5,3916.5,419,-68
2022-09-19 16:22:00,3916.75,3917.25,3916.75,3916.75,232,12
2022-09-19 16:23:00,3916.75,3917.0,3916.5,3916.5,276,-23
2022-09-19 16:24:00,3916.75,3917.25,3916.5,3917.0,263,27
2022-09-19 16:25:00,3917.0,3917.75,3916.75,3917.5,262,42
2022-09-19 16:26:00,3917.25,3918.0,3917.25,3918.0,140,-3
2022-09-19 16:27:00,3918.0,3919.0,3918.0,3918.5,364,62
2022-09-19 16:28:00,3918.5,3919.25,3918.5,3919.0,288,-3
2022-09-19 16:29:00,3919.0,3919.5,3919.0,3919.5,173,-10
2022-09-19 16:30:00,3919.5,3919.5,3918.75,3919.25,216,-24
2022-09-19 16:31:00,3919.5,3920.25,3919.25,3920.0,487,133
2022-09-19 16:32:00,3920.25,3920.75,3920.0,3920.5,279,61
2022-09-19 16:33:00,3920.25,3921.0,3920.25,3921.0,241,29
2022-09-19 16:34:00,3921.0,3921.25,3920.75,3921.0,189,44
2022-09-19 16:35:00,3921.0,3921.75,3921.0,3921.25,166,15
2022-09-19 16:36:00,3921.25,3922.0,3921.25,3922.0,258,49
2022-09-19 16:37:00,3921.75,3922.25,3921.75,3922.25,307,4
2022-09-19 16:38:00,3922.25,3922.5,3922.0,3922.25,622,-7
2022-09-19 16:39:00,3922.0,3923.25,3922.0,3923.25,240,90
2022-09-19 16:40:00,3923.25,3923.5,3922.75,3923.0,284,48
2022-09-19 16:41:00,3922.75,3923.25,3922.75,3922.75,228,-9
2022-09-19 16:42:00,3923.0,3923.0,3922.5,3922.5,419,-29
2022-09-19 16:43:00,3922.5,3924.5,3922.5,3924.25,341,91
2022-09-19 16:44:00,3924.0,3924.25,3923.5,3924.0,581,-108
2022-09-19 16:45:00,3924.0,3924.0,3923.5,3923.75,178,6
2022-09-19 16:46:00,3923.75,3924.0,3923.0,3923.25,185,-18
2022-09-19 16:47:00,3923.25,3923.5,3923.0,3923.25,151,3
2022-09-19 16:48:00,3923.5,3923.75,3923.25,3923.25,61,-10
2022-09-19 16:49:00,3923.5,3924.0,3923.25,3923.75,185,0
2022-09-19 16:50:00,3923.5,3924.0,3923.5,3923.5,227,-7
2022-09-19 16:51:00,3923.5,3924.0,3923.5,3923.75,159,4
2022-09-19 16:52:00,3923.5,3924.0,3923.5,3923.75,64,-14
2022-09-19 16:53:00,3924.0,3924.5,3923.75,3924.5,172,25
2022-09-19 16:54:00,3924.25,3924.5,3924.0,3924.25,147,46
2022-09-19 16:55:00,3924.0,3924.5,3924.0,3924.25,379,-32
2022-09-19 16:56:00,3924.0,3924.5,3924.0,3924.0,309,9
2022-09-19 16:57:00,3924.0,3924.0,3923.25,3923.25,180,-73
2022-09-19 16:58:00,3923.5,3923.5,3922.5,3922.75,272,-102
2022-09-19 16:59:00,3923.0,3923.25,3922.75,3922.75,251,-15
2022-09-19 17:00:00,,,,,0,0
2022-09-19 17:01:00,,,,,0,0
2022-09-19 17:02:00,,,,,0,0
2022-09-19 17:03:00,,,,,0,0
2022-09-19 17:04:00,,,,,0,0
2022-09-19 17:05:00,,,,,0,0
2022-09-19 17:06:00,,,,,0,0
2022-09-19 17:07:00,,,,,0,0
2022-09-19 17:08:00,3922.75,3922.75,3922.75,3922.75,2,0
2022-09-19 17:09:00,,,,,0,0
2022-09-19 17:10:00,,,,,0,0
2022-09-19 17:11:00,,,,,0,0
2022-09-19 17:12:00,,,,,0,0
2022-09-19 17:13:00,,,,,0,0
2022-09-19 17:14:00,,,,,0,0
2022-09-19 17:15:00,,,,,0,0
2022-09-19 17:16:00,,,,,0,0
2022-09-19 17:17:00,,,,,0,0
2022-09-19 17:18:00,,,,,0,0
2022-09-19 17:19:00,,,,,0,0
2022-09-19 17:20:00,,,,,0,0
2022-09-19 17:21:00,,,,,0,0
2022-09-19 17:22:00,,,,,0,0
2022-09-19 17:23:00,,,,,0,0
2022-09-19 17:24:00,,,,,0,0
2022-09-19 17:25:00,,,,,0,0
2022-09-19 17:26:00,,,,,0,0
2022-09-19 17:27:00,,,,,0,0
2022-09-19 17:28:00,,,,,0,0
2022-09-19 17:29:00,,,,,0,0
2022-09-19 17:30:00,,,,,0,0
2022-09-19 17:31:00,,,,,0,0
2022-09-19 17:32:00,,,,,0,0
2022-09-19 17:33:00,,,,,0,0
2022-09-19 17:34:00,,,,,0,0
2022-09-19 17:35:00,,,,,0,0
2022-09-19 17:36:00,,,,,0,0
2022-09-19 17:37:00,,,,,0,0
2022-09-19 17:38:00,,,,,0,0
2022-09-19 17:39:00,,,,,0,0
2022-09-19 17:40:00,,,,,0,0
2022-09-19 17:41:00,,,,,0,0
2022-09-19 17:42:00,,,,,0,0
2022-09-19 17:43:00,,,,,0,0
2022-09-19 17:44:00,,,,,0,0
2022-09-19 17:45:00,,,,,0,0
2022-09-19 17:46:00,,,,,0,0
2022-09-19 17:47:00,,,,,0,0
2022-09-19 17:48:00,,,,,0,0
2022-09-19 17:49:00,,,,,0,0
2022-09-19 17:50:00,,,,,0,0
2022-09-19 17:51:00,,,,,0,0
2022-09-19 17:52:00,,,,,0,0
2022-09-19 17:53:00,,,,,0,0
2022-09-19 17:54:00,,,,,0,0
2022-09-19 17:55:00,,,,,0,0
2022-09-19 17:56:00,,,,,0,0
2022-09-19 17:57:00,,,,,0,0
2022-09-19 17:58:00,,,,,0,0
2022-09-19 17:59:00,,,,,0,0
2022-09-19 18:00:00,3923.0,3923.5,3922.0,3922.75,316,46
2022-09-19 18:01:00,3922.5,3922.75,3922.0,3922.25,187,-26
2022-09-19 18:02:00,3922.0,3922.25,3921.75,3921.75,129,-8
2022-09-19 18:03:00,3921.75,3922.5,3921.5,3922.0,114,4
2022-09-19 18:04:00,3922.0,3922.75,3921.75,3922.25,57,24
2022-09-19 18:05:00,3922.5,3922.5,3921.5,3922.25,83,-12
2022-09-19 18:06:00,3922.25,3922.5,3921.5,3921.5,185,-51
2022-09-19 18:07:00,3921.5,3922.0,3921.5,3922.0,41,11
2022-09-19 18:08:00,3922.0,3922.25,3921.5,3921.5,69,0
2022-09-19 18:09:00,3921.75,3922.75,3921.75,3922.75,129,56
2022-09-19 18:10:00,3922.75,3924.0,3922.75,3923.25,144,29
2022-09-19 18:11:00,3923.5,3924.0,3923.25,3924.0,86,23
2022-09-19 18:12:00,3924.0,3924.0,3923.5,3923.5,38,-7
2022-09-19 18:13:00,3923.5,3924.5,3923.25,3924.0,183,49
2022-09-19 18:14:00,3923.75,3924.0,3923.5,3923.75,25,0
2022-09-19 18:15:00,3924.0,3924.25,3923.75,3924.0,125,26
2022-09-19 18:16:00,3923.75,3924.0,3923.75,3924.0,17,6
2022-09-19 18:17:00,3923.75,3924.5,3923.5,3924.25,67,15
2022-09-19 18:18:00,3924.5,3925.5,3924.25,3925.25,216,58
2022-09-19 18:19:00,3925.25,3925.75,3925.0,3925.5,114,33
2022-09-19 18:20:00,3925.5,3926.0,3925.25,3925.75,221,-18
2022-09-19 18:21:00,3925.75,3926.75,3925.75,3926.75,403,154
2022-09-19 18:22:00,3926.5,3928.25,3926.5,3927.75,389,150
2022-09-19 18:23:00,3927.75,3928.25,3927.5,3927.75,313,37
2022-09-19 18:24:00,3927.75,3928.0,3926.0,3926.5,308,-179
2022-09-19 18:25:00,3926.75,3926.75,3926.0,3926.0,76,-6
2022-09-19 18:26:00,3926.0,3926.0,3925.0,3925.75,189,-68
2022-09-19 18:27:00,3925.5,3926.0,3925.25,3925.25,67,4
2022-09-19 18:28:00,3925.25,3925.25,3925.0,3925.0,63,-18
2022-09-19 18:29:00,3924.75,3925.25,3924.75,3925.0,52,9
2022-09-19 18:30:00,3924.75,3925.75,3924.75,3925.25,99,10
2022-09-19 18:31:00,3925.25,3925.75,3925.0,3925.0,57,1
2022-09-19 18:32:00,3925.25,3925.25,3925.0,3925.0,38,-9
2022-09-19 18:33:00,3925.0,3925.0,3924.0,3924.0,158,-102
2022-09-19 18:34:00,3924.25,3924.5,3924.0,3924.0,123,-21
2022-09-19 18:35:00,3924.25,3925.0,3924.25,3925.0,65,16
2022-09-19 18:36:00,3925.0,3925.25,3924.75,3924.75,30,-4
2022-09-19 18:37:00,3924.75,3924.75,3924.25,3924.25,30,-18
2022-09-19 18:38:00,3924.25,3924.75,3924.25,3924.75,39,3
2022-09-19 18:39:00,3924.5,3925.25,3924.5,3925.25,45,28
2022-09-19 18:40:00,3925.25,3925.25,3925.25,3925.25,15,-1
2022-09-19 18:41:00,3925.0,3925.75,3925.0,3925.75,60,20
2022-09-19 18:42:00,3925.75,3926.0,3925.0,3925.25,52,-26
2022-09-19 18:43:00,3925.25,3925.75,3925.25,3925.25,57,3
2022-09-19 18:44:00,3925.5,3925.5,3925.25,3925.25,13,3
2022-09-19 18:45:00,3925.25,3926.25,3925.25,3925.5,91,0
2022-09-19 18:46:00,3925.75,3925.75,3925.25,3925.25,18,-12
2022-09-19 18:47:00,3925.25,3925.75,3925.25,3925.75,22,15
2022-09-19 18:48:00,3925.5,3926.5,3925.5,3926.25,38,11
2022-09-19 18:49:00,3926.25,3926.25,3925.75,3925.75,46,-13
2022-09-19 18:50:00,3925.75,3926.0,3925.5,3925.5,28,-1
2022-09-19 18:51:00,3925.5,3925.5,3925.0,3925.0,56,-24
2022-09-19 18:52:00,3925.25,3925.5,3925.25,3925.5,29,4
2022-09-19 18:53:00,3925.5,3925.75,3925.5,3925.75,11,5
2022-09-19 18:54:00,3925.75,3926.0,3925.75,3925.75,40,31
2022-09-19 18:55:00,3925.75,3925.75,3925.25,3925.75,17,2
2022-09-19 18:56:00,3925.5,3925.5,3925.25,3925.25,18,-15
2022-09-19 18:57:00,3925.25,3925.25,3923.75,3924.25,117,-79
2022-09-19 18:58:00,3924.0,3924.5,3924.0,3924.25,46,6
2022-09-19 18:59:00,3924.25,3924.5,3924.25,3924.25,8,2
2022-09-19 19:00:00,3924.25,3925.0,3924.0,3924.0,50,2
2022-09-19 19:01:00,3924.25,3924.75,3924.25,3924.25,32,-2
2022-09-19 19:02:00,3924.5,3924.75,3924.5,3924.5,21,5
2022-09-19 19:03:00,3924.75,3924.75,3924.25,3924.25,21,-6
2022-09-19 19:04:00,3924.5,3925.0,3924.5,3924.75,21,8
2022-09-19 19:05:00,3925.0,3925.0,3924.25,3924.5,67,-25
2022-09-19 19:06:00,3924.5,3924.75,3924.25,3924.25,43,3
2022-09-19 19:07:00,3924.5,3924.5,3924.0,3924.25,30,3
2022-09-19 19:08:00,3924.25,3924.5,3924.25,3924.25,43,-6
2022-09-19 19:09:00,3924.25,3924.25,3923.75,3923.75,53,-16
2022-09-19 19:10:00,3924.0,3924.0,3923.5,3924.0,119,-2
2022-09-19 19:11:00,3924.0,3924.5,3923.75,3924.25,51,32
2022-09-19 19:12:00,3924.5,3924.5,3924.25,3924.5,42,21
2022-09-19 19:13:00,3924.5,3924.5,3924.0,3924.0,19,-12
2022-09-19 19:14:00,3924.0,3924.0,3923.5,3924.0,81,-19
2022-09-19 19:15:00,3924.25,3925.25,3924.25,3925.25,147,41
2022-09-19 19:16:00,3925.0,3926.0,3925.0,3925.25,86,36
2022-09-19 19:17:00,3925.5,3926.0,3925.0,3925.25,79,25
2022-09-19 19:18:00,3925.0,3925.25,3925.0,3925.25,30,6
2022-09-19 19:19:00,3925.0,3925.25,3924.25,3924.25,41,-22
2022-09-19 19:20:00,3924.5,3924.75,3924.0,3924.25,37,5
2022-09-19 19:21:00,3924.0,3924.75,3924.0,3924.75,28,13
2022-09-19 19:22:00,3924.75,3924.75,3924.5,3924.75,12,4
2022-09-19 19:23:00,3924.75,3925.0,3924.25,3925.0,41,5
2022-09-19 19:24:00,3925.25,3926.0,3925.0,3925.25,133,15
2022-09-19 19:25:00,3925.5,3925.5,3925.25,3925.25,47,-3
2022-09-19 19:26:00,3925.0,3925.75,3925.0,3925.5,95,1
2022-09-19 19:27:00,3925.5,3925.5,3925.25,3925.25,50,17
2022-09-19 19:28:00,3925.25,3926.0,3925.25,3925.75,70,33
2022-09-19 19:29:00,3925.75,3926.0,3925.75,3926.0,16,-1
2022-09-19 19:30:00,3926.0,3927.5,3926.0,3927.25,264,83
2022-09-19 19:31:00,3927.5,3929.5,3927.5,3928.5,664,130
2022-09-19 19:32:00,3928.5,3929.75,3928.0,3929.75,236,62
2022-09-19 19:33:00,3929.75,3929.75,3927.75,3927.75,173,-6
2022-09-19 19:34:00,3927.75,3928.0,3927.0,3927.5,215,-60
2022-09-19 19:35:00,3927.5,3928.0,3927.25,3927.75,110,22
2022-09-19 19:36:00,3927.5,3927.5,3927.0,3927.25,63,-1
2022-09-19 19:37:00,3927.5,3928.5,3927.5,3927.5,208,40
2022-09-19 19:38:00,3927.5,3928.5,3927.5,3928.5,70,25
2022-09-19 19:39:00,3928.5,3928.5,3926.75,3926.75,257,-104
2022-09-19 19:40:00,3926.75,3927.25,3926.5,3927.0,145,-40
2022-09-19 19:41:00,3927.0,3927.25,3926.5,3926.5,73,-5
2022-09-19 19:42:00,3926.5,3927.0,3926.0,3927.0,123,-31
2022-09-19 19:43:00,3927.0,3927.25,3926.75,3927.0,27,-9
2022-09-19 19:44:00,3926.75,3926.75,3926.5,3926.75,19,1
2022-09-19 19:45:00,3927.0,3927.25,3926.5,3927.0,97,30
2022-09-19 19:46:00,3926.75,3927.75,3926.5,3927.5,190,-24
2022-09-19 19:47:00,3927.75,3928.0,3927.5,3928.0,103,46
2022-09-19 19:48:00,3928.25,3928.5,3927.75,3928.25,182,54
2022-09-19 19:49:00,3928.5,3929.0,3928.0,3929.0,210,22
2022-09-19 19:50:00,3928.75,3929.5,3928.5,3929.5,156,41
2022-09-19 19:51:00,3929.25,3931.0,3929.25,3931.0,420,167
2022-09-19 19:52:00,3930.75,3931.0,3929.75,3930.5,194,5
2022-09-19 19:53:00,3930.5,3930.5,3930.0,3930.25,147,7
2022-09-19 19:54:00,3930.5,3930.75,3930.0,3930.0,179,14
2022-09-19 19:55:00,3930.0,3930.25,3929.25,3929.25,95,-35
2022-09-19 19:56:00,3929.5,3930.0,3929.25,3929.5,79,14
2022-09-19 19:57:00,3929.75,3930.5,3929.5,3930.25,109,20
2022-09-19 19:58:00,3930.25,3930.75,3930.0,3930.75,80,-2
2022-09-19 19:59:00,3930.5,3931.25,3930.25,3931.25,121,-8
2022-09-19 20:00:00,3931.0,3931.5,3929.75,3930.5,350,-34
2022-09-19 20:01:00,3930.25,3931.5,3930.0,3931.0,328,-97
2022-09-19 20:02:00,3931.25,3931.75,3930.5,3931.25,358,1
2022-09-19 20:03:00,3931.5,3932.5,3931.25,3932.25,392,56
2022-09-19 20:04:00,3932.25,3933.25,3932.25,3932.75,554,40
2022-09-19 20:05:00,3932.75,3933.75,3932.75,3933.0,419,-15
2022-09-19 20:06:00,3933.25,3934.25,3933.0,3934.0,329,-10
2022-09-19 20:07:00,3934.0,3934.0,3933.0,3933.25,188,-44
2022-09-19 20:08:00,3933.25,3934.0,3932.75,3934.0,276,-40
2022-09-19 20:09:00,3933.75,3934.5,3933.0,3933.25,686,-9
2022-09-19 20:10:00,3933.25,3933.5,3931.75,3931.75,506,-206
2022-09-19 20:11:00,3932.0,3932.0,3931.5,3931.75,391,110
2022-09-19 20:12:00,3931.75,3933.0,3931.75,3932.75,269,37
2022-09-19 20:13:00,3932.75,3932.75,3932.25,3932.5,102,-6
2022-09-19 20:14:00,3932.5,3933.5,3932.5,3933.5,218,47
2022-09-19 20:15:00,3933.25,3933.5,3932.5,3932.75,350,-68
2022-09-19 20:16:00,3932.75,3933.75,3932.5,3933.25,165,-1
2022-09-19 20:17:00,3933.5,3933.5,3932.75,3932.75,149,-48
2022-09-19 20:18:00,3932.75,3932.75,3931.75,3931.75,167,-35
2022-09-19 20:19:00,3931.75,3932.75,3931.75,3932.25,150,5
2022-09-19 20:20:00,3932.0,3932.25,3931.25,3931.5,268,-119
2022-09-19 20:21:00,3931.5,3932.0,3931.0,3931.75,200,17
2022-09-19 20:22:00,3932.0,3933.0,3931.5,3932.75,149,24
2022-09-19 20:23:00,3932.5,3932.75,3931.5,3931.75,134,-25
2022-09-19 20:24:00,3931.75,3932.75,3931.75,3932.25,123,27
2022-09-19 20:25:00,3932.5,3932.75,3932.25,3932.5,82,-5
2022-09-19 20:26:00,3932.5,3932.75,3932.0,3932.5,168,-46
2022-09-19 20:27:00,3932.5,3932.5,3931.5,3931.5,131,-34
2022-09-19 20:28:00,3931.5,3931.5,3931.25,3931.25,108,-25
2022-09-19 20:29:00,3931.25,3931.5,3931.0,3931.0,120,-33
2022-09-19 20:30:00,3930.75,3931.75,3930.75,3931.5,133,-15
2022-09-19 20:31:00,3931.5,3931.5,3930.75,3931.25,157,-18
2022-09-19 20:32:00,3931.0,3931.25,3930.75,3930.75,96,-27
2022-09-19 20:33:00,3930.75,3931.0,3930.25,3930.25,114,-53
2022-09-19 20:34:00,3930.25,3930.5,3929.0,3929.25,267,-86
2022-09-19 20:35:00,3929.25,3929.25,3927.25,3927.5,726,-24
2022-09-19 20:36:00,3927.5,3928.5,3927.25,3928.25,341,6
2022-09-19 20:37:00,3928.5,3928.5,3928.0,3928.25,125,-6
2022-09-19 20:38:00,3928.25,3928.5,3928.0,3928.25,96,-18
2022-09-19 20:39:00,3928.5,3929.0,3927.75,3928.25,249,64
2022-09-19 20:40:00,3928.5,3928.5,3927.5,3927.5,167,-20
2022-09-19 20:41:00,3927.5,3928.0,3927.0,3927.0,179,-29
2022-09-19 20:42:00,3927.0,3927.5,3926.5,3926.5,186,6
2022-09-19 20:43:00,3926.5,3926.5,3925.5,3926.0,327,-93
2022-09-19 20:44:00,3926.0,3926.0,3924.5,3925.0,363,-30
2022-09-19 20:45:00,3925.25,3926.0,3925.0,3925.25,170,32
2022-09-19 20:46:00,3925.25,3925.5,3925.0,3925.5,156,14
2022-09-19 20:47:00,3925.5,3926.0,3925.5,3925.75,85,18
2022-09-19 20:48:00,3925.5,3925.75,3924.75,3925.0,122,-19
2022-09-19 20:49:00,3924.75,3924.75,3923.75,3924.25,269,-48
2022-09-19 20:50:00,3924.25,3925.5,3924.25,3925.25,161,30
2022-09-19 20:51:00,3925.25,3925.25,3923.75,3924.5,169,-24
2022-09-19 20:52:00,3924.5,3924.75,3923.75,3924.0,105,-38
2022-09-19 20:53:00,3924.0,3924.5,3923.25,3924.5,263,-4
2022-09-19 20:54:00,3924.5,3925.25,3924.25,3925.0,158,27
2022-09-19 20:55:00,3925.0,3925.75,3925.0,3925.25,145,24
2022-09-19 20:56:00,3925.25,3925.25,3924.5,3925.25,69,-11
2022-09-19 20:57:00,3925.0,3925.5,3925.0,3925.5,49,13
2022-09-19 20:58:00,3925.5,3926.0,3925.5,3925.5,85,4
2022-09-19 20:59:00,3925.5,3925.5,3925.25,3925.5,63,0
2022-09-19 21:00:00,3925.5,3925.5,3924.0,3924.5,168,-34
2022-09-19 21:01:00,3924.5,3924.5,3923.25,3923.5,222,-69
2022-09-19 21:02:00,3923.75,3924.5,3923.5,3923.75,137,13
2022-09-19 21:03:00,3923.75,3924.25,3923.75,3924.0,143,-1
2022-09-19 21:04:00,3924.25,3925.0,3924.0,3924.5,113,53
2022-09-19 21:05:00,3924.75,3925.25,3924.25,3925.0,161,11
2022-09-19 21:06:00,3925.25,3925.25,3924.5,3924.75,146,-35
2022-09-19 21:07:00,3924.75,3924.75,3923.5,3923.75,142,-53
2022-09-19 21:08:00,3923.75,3925.0,3923.75,3924.25,142,-8
2022-09-19 21:09:00,3924.25,3924.25,3923.75,3924.25,116,-11
2022-09-19 21:10:00,3924.5,3925.0,3924.25,3924.75,114,6
2022-09-19 21:11:00,3924.75,3925.0,3924.25,3924.5,86,8
2022-09-19 21:12:00,3924.5,3925.0,3923.0,3923.0,255,-85
2022-09-19 21:13:00,3923.0,3923.25,3922.25,3923.0,474,-169
2022-09-19 21:14:00,3922.75,3923.75,3922.5,3923.25,176,20
2022-09-19 21:15:00,3923.5,3923.5,3922.25,3923.0,238,15
2022-09-19 21:16:00,3923.0,3923.5,3922.75,3922.75,111,-32
2022-09-19 21:17:00,3922.75,3922.75,3920.75,3920.75,430,-21
2022-09-19 21:18:00,3921.0,3921.25,3920.0,3921.0,428,57
2022-09-19 21:19:00,3920.75,3921.25,3920.0,3920.5,344,-6
2022-09-19 21:20:00,3920.75,3921.75,3920.5,3921.0,189,35
2022-09-19 21:21:00,3921.25,3921.25,3919.75,3920.0,317,-81
2022-09-19 21:22:00,3919.75,3921.0,3919.75,3920.5,214,23
2022-09-19 21:23:00,3921.0,3921.25,3920.25,3920.5,153,33
2022-09-19 21:24:00,3920.5,3922.0,3920.5,3921.75,144,32
2022-09-19 21:25:00,3921.5,3922.25,3921.5,3922.0,125,2
2022-09-19 21:26:00,3922.25,3922.25,3921.25,3921.75,78,14
2022-09-19 21:27:00,3921.75,3922.25,3921.0,3922.0,107,3
2022-09-19 21:28:00,3922.0,3922.5,3921.25,3921.5,176,-28
2022-09-19 21:29:00,3921.5,3921.75,3921.5,3921.5,28,-12
2022-09-19 21:30:00,3921.5,3921.75,3920.75,3921.0,147,-14
2022-09-19 21:31:00,3920.75,3921.5,3920.25,3921.0,138,-30
2022-09-19 21:32:00,3921.25,3921.5,3920.5,3920.5,82,-10
2022-09-19 21:33:00,3920.5,3922.25,3920.5,3921.75,176,44
2022-09-19 21:34:00,3922.0,3922.5,3921.75,3922.25,134,-10
2022-09-19 21:35:00,3922.25,3922.5,3921.75,3921.75,187,26
2022-09-19 21:36:00,3921.75,3922.5,3921.75,3922.5,172,-8
2022-09-19 21:37:00,3922.5,3922.5,3921.25,3921.5,149,-42
2022-09-19 21:38:00,3921.5,3921.75,3921.25,3921.75,49,18
2022-09-19 21:39:00,3921.75,3921.75,3920.25,3920.5,209,-75
2022-09-19 21:40:00,3920.5,3921.0,3920.0,3920.25,223,-19
2022-09-19 21:41:00,3920.5,3920.5,3919.75,3920.25,227,-50
2022-09-19 21:42:00,3920.25,3920.75,3919.25,3919.5,300,-67
2022-09-19 21:43:00,3919.5,3921.25,3919.5,3920.5,302,81
2022-09-19 21:44:00,3920.5,3921.75,3920.25,3921.25,214,93
2022-09-19 21:45:00,3921.5,3921.5,3919.5,3921.0,210,-46
2022-09-19 21:46:00,3920.75,3921.5,3920.5,3921.0,142,76
2022-09-19 21:47:00,3921.25,3922.25,3921.25,3922.0,206,6
2022-09-19 21:48:00,3922.0,3922.25,3921.0,3922.0,147,-5
2022-09-19 21:49:00,3922.0,3922.5,3921.75,3922.25,130,16
2022-09-19 21:50:00,3922.25,3922.5,3921.75,3922.5,148,97
2022-09-19 21:51:00,3922.25,3923.0,3921.75,3922.75,262,34
2022-09-19 21:52:00,3922.5,3923.75,3922.5,3923.25,308,51
2022-09-19 21:53:00,3923.25,3924.0,3923.0,3924.0,192,-18
2022-09-19 21:54:00,3924.0,3924.25,3923.5,3924.0,252,14
2022-09-19 21:55:00,3924.25,3924.5,3923.5,3924.0,228,-4
2022-09-19 21:56:00,3924.0,3924.5,3923.75,3924.5,172,-13
2022-09-19 21:57:00,3924.5,3925.0,3924.0,3924.25,221,11
2022-09-19 21:58:00,3924.25,3924.25,3923.75,3923.75,159,-67
2022-09-19 21:59:00,3923.5,3923.75,3923.0,3923.25,117,-44
2022-09-19 22:00:00,3923.25,3923.5,3922.5,3923.25,280,56
2022-09-19 22:01:00,3923.25,3923.5,3923.0,3923.25,105,3
2022-09-19 22:02:00,3923.5,3924.0,3923.5,3923.75,93,18
2022-09-19 22:03:00,3923.75,3923.75,3922.25,3922.75,163,-43
2022-09-19 22:04:00,3922.75,3922.75,3922.25,3922.25,74,-19
2022-09-19 22:05:00,3922.25,3922.5,3922.0,3922.5,56,-3
2022-09-19 22:06:00,3922.5,3922.75,3921.25,3921.75,94,-22
2022-09-19 22:07:00,3921.75,3922.5,3921.5,3922.5,98,27
2022-09-19 22:08:00,3922.5,3922.75,3922.5,3922.5,51,-10
2022-09-19 22:09:00,3922.5,3923.0,3922.25,3922.75,58,-3
2022-09-19 22:10:00,3922.75,3923.5,3922.25,3923.25,83,11
2022-09-19 22:11:00,3923.5,3923.75,3923.0,3923.25,115,-7
2022-09-19 22:12:00,3923.25,3923.5,3923.0,3923.25,71,-5
2022-09-19 22:13:00,3923.25,3924.25,3923.0,3924.25,127,38
2022-09-19 22:14:00,3924.0,3924.5,3923.25,3923.75,121,6
2022-09-19 22:15:00,3923.75,3924.25,3923.5,3924.0,63,11
2022-09-19 22:16:00,3923.75,3924.25,3923.5,3923.75,89,-28
2022-09-19 22:17:00,3924.0,3924.5,3924.0,3924.5,46,17
2022-09-19 22:18:00,3924.25,3924.5,3924.25,3924.25,78,-1
2022-09-19 22:19:00,3924.0,3924.25,3923.75,3924.25,62,8
2022-09-19 22:20:00,3924.25,3924.25,3923.75,3924.0,51,0
2022-09-19 22:21:00,3924.25,3924.5,3924.0,3924.25,85,-8
2022-09-19 22:22:00,3924.25,3924.25,3923.5,3923.75,158,-13
2022-09-19 22:23:00,3923.75,3924.25,3923.5,3924.25,44,7
2022-09-19 22:24:00,3924.25,3924.25,3923.75,3924.0,91,11
2022-09-19 22:25:00,3924.0,3924.25,3924.0,3924.0,20,2
2022-09-19 22:26:00,3923.75,3924.0,3923.5,3923.5,66,0
2022-09-19 22:27:00,3923.25,3924.0,3923.25,3924.0,65,-12
2022-09-19 22:28:00,3924.25,3924.25,3924.0,3924.25,33,5
2022-09-19 22:29:00,3924.5,3925.25,3924.25,3925.0,211,41
2022-09-19 22:30:00,3925.25,3925.5,3924.25,3925.25,326,3
2022-09-19 22:31:00,3925.25,3925.25,3924.25,3924.5,86,-30
2022-09-19 22:32:00,3924.5,3924.75,3924.25,3924.75,43,1
2022-09-19 22:33:00,3925.0,3925.0,3924.25,3924.25,57,-13
2022-09-19 22:34:00,3924.5,3924.75,3924.0,3924.0,27,-5
2022-09-19 22:35:00,3924.25,3924.5,3924.0,3924.0,42,-4
2022-09-19 22:36:00,3923.75,3924.25,3923.75,3924.0,54,0
2022-09-19 22:37:00,3924.0,3924.25,3923.75,3923.75,35,-15
2022-09-19 22:38:00,3923.5,3924.0,3923.25,3923.25,73,-32
2022-09-19 22:39:00,3923.5,3924.0,3923.5,3923.5,87,45
2022-09-19 22:40:00,3923.25,3923.25,3922.5,3922.75,97,-25
2022-09-19 22:41:00,3922.75,3922.75,3922.5,3922.5,22,0
2022-09-19 22:42:00,3922.75,3923.0,3922.5,3923.0,64,-6
2022-09-19 22:43:00,3922.75,3923.25,3922.75,3923.0,25,-4
2022-09-19 22:44:00,3923.25,3923.25,3922.25,3922.75,49,-10
2022-09-19 22:45:00,3923.0,3923.25,3922.0,3923.0,84,17
2022-09-19 22:46:00,3923.0,3923.5,3923.0,3923.0,43,2
2022-09-19 22:47:00,3923.25,3923.75,3923.25,3923.5,34,-5
2022-09-19 22:48:00,3923.25,3923.5,3923.25,3923.5,16,-1
2022-09-19 22:49:00,3923.75,3924.0,3923.5,3923.5,55,23
2022-09-19 22:50:00,3923.25,3923.5,3923.0,3923.25,68,-17
2022-09-19 22:51:00,3923.5,3923.75,3923.25,3923.25,38,-8
2022-09-19 22:52:00,3923.25,3923.75,3923.0,3923.75,40,-1
2022-09-19 22:53:00,3923.75,3924.25,3923.75,3924.25,54,26
2022-09-19 22:54:00,3924.0,3924.0,3923.5,3924.0,34,-14
2022-09-19 22:55:00,3924.0,3924.75,3923.75,3924.5,62,4
2022-09-19 22:56:00,3924.25,3924.75,3924.0,3924.75,26,4
2022-09-19 22:57:00,3924.5,3924.5,3924.25,3924.5,27,12
2022-09-19 22:58:00,3924.75,3925.0,3924.5,3924.75,70,24
2022-09-19 22:59:00,3924.75,3925.0,3924.5,3924.75,46,1
2022-09-19 23:00:00,3924.75,3925.0,3924.5,3924.5,95,15
2022-09-19 23:01:00,3924.5,3924.5,3924.25,3924.25,22,-11
2022-09-19 23:02:00,3924.5,3924.75,3924.25,3924.5,45,0
2022-09-19 23:03:00,3924.75,3924.75,3923.75,3924.25,82,-12
2022-09-19 23:04:00,3924.0,3924.75,3923.75,3924.25,72,-6
2022-09-19 23:05:00,3924.25,3924.5,3924.25,3924.5,24,8
2022-09-19 23:06:00,3924.5,3924.5,3924.0,3924.25,43,-16
2022-09-19 23:07:00,3924.0,3924.25,3924.0,3924.0,29,2
2022-09-19 23:08:00,3924.0,3924.25,3924.0,3924.0,5,-2
2022-09-19 23:09:00,3924.0,3924.25,3923.75,3924.25,68,4
2022-09-19 23:10:00,3924.0,3924.5,3924.0,3924.25,89,6
2022-09-19 23:11:00,3924.0,3924.25,3923.75,3924.25,62,3
2022-09-19 23:12:00,3924.5,3924.75,3924.5,3924.5,46,12
2022-09-19 23:13:00,3924.5,3925.25,3924.5,3925.0,66,28
2022-09-19 23:14:00,3925.0,3925.25,3924.75,3925.0,54,-12
2022-09-19 23:15:00,3925.0,3925.25,3924.75,3925.25,28,9
2022-09-19 23:16:00,3925.0,3926.0,3925.0,3926.0,221,61
2022-09-19 23:17:00,3925.75,3925.75,3925.25,3925.5,54,15
2022-09-19 23:18:00,3925.25,3925.25,3924.0,3924.25,80,-29
2022-09-19 23:19:00,3924.25,3924.25,3923.5,3923.5,73,-16
2022-09-19 23:20:00,3923.5,3924.0,3923.5,3923.75,71,-14
2022-09-19 23:21:00,3923.5,3923.75,3923.5,3923.5,39,19
2022-09-19 23:22:00,3923.75,3923.75,3923.5,3923.5,48,-5
2022-09-19 23:23:00,3923.75,3923.75,3923.5,3923.5,67,5
2022-09-19 23:24:00,3923.5,3923.75,3923.25,3923.75,63,-1
2022-09-19 23:25:00,3923.75,3923.75,3923.5,3923.75,39,12
2022-09-19 23:26:00,3924.0,3924.0,3923.75,3924.0,20,12
2022-09-19 23:27:00,3924.0,3924.25,3923.75,3924.0,37,-1
2022-09-19 23:28:00,3924.0,3924.5,3924.0,3924.0,45,-3
2022-09-19 23:29:00,3924.0,3924.25,3923.75,3924.25,33,10
2022-09-19 23:30:00,3924.25,3924.5,3924.25,3924.25,35,-3
2022-09-19 23:31:00,3924.25,3924.75,3924.0,3924.0,34,5
2022-09-19 23:32:00,3924.0,3924.5,3923.75,3924.0,35,-10
2022-09-19 23:33:00,3924.0,3924.75,3924.0,3924.75,64,17
2022-09-19 23:34:00,3925.0,3925.25,3924.5,3924.5,35,5
2022-09-19 23:35:00,3924.75,3925.25,3924.5,3924.75,62,20
2022-09-19 23:36:00,3924.75,3925.0,3924.75,3924.75,28,-1
2022-09-19 23:37:00,3925.0,3925.0,3924.5,3924.5,19,-7
2022-09-19 23:38:00,3924.75,3924.75,3924.5,3924.5,34,-13
2022-09-19 23:39:00,3924.5,3925.75,3924.5,3925.5,145,35
2022-09-19 23:40:00,3925.75,3925.75,3925.0,3925.25,100,14
2022-09-19 23:41:00,3925.0,3925.5,3924.75,3924.75,99,19
2022-09-19 23:42:00,3924.75,3924.75,3924.5,3924.75,92,1
2022-09-19 23:43:00,3924.75,3925.0,3924.75,3925.0,47,9
2022-09-19 23:44:00,3925.0,3925.5,3924.75,3925.5,165,59
2022-09-19 23:45:00,3925.75,3926.0,3925.0,3925.0,220,-40
2022-09-19 23:46:00,3925.25,3925.75,3925.0,3925.75,217,-27
2022-09-19 23:47:00,3925.5,3926.0,3925.5,3925.75,93,-15
2022-09-19 23:48:00,3925.75,3926.25,3925.5,3925.75,97,-16
2022-09-19 23:49:00,3925.75,3927.0,3925.75,3926.75,141,100
2022-09-19 23:50:00,3926.5,3926.75,3926.0,3926.0,74,-15
2022-09-19 23:51:00,3926.25,3926.25,3926.0,3926.0,39,-11
2022-09-19 23:52:00,3926.0,3926.0,3925.25,3925.5,132,-43
2022-09-19 23:53:00,3925.5,3925.5,3925.25,3925.5,77,2
2022-09-19 23:54:00,3925.5,3925.75,3925.25,3925.5,81,1
2022-09-19 23:55:00,3925.5,3925.75,3925.25,3925.5,74,-36
2022-09-19 23:56:00,3925.5,3925.75,3925.5,3925.5,67,-29
2022-09-19 23:57:00,3925.5,3926.0,3925.5,3925.75,100,24
2022-09-19 23:58:00,3925.5,3926.25,3925.5,3925.75,61,-10
2022-09-19 23:59:00,3925.75,3926.25,3925.75,3926.25,45,-7
